"FBG_1","FBG_3","FBG_4","FBG_5","FBG_6","FB1_17","FB1_18","FB1_19","FB1_20","FB1_21","FB1_22","FB1_24","FB1_25","FB1_26","FB1_27","FB1_28","FB1_29","FB1_30","FB1_32","FB1_33","FB2_35","FB2_38","FB2_45","FB2_46","FB2_44","FB2_42","FB2_52","FB1_23","FB2_54","FB2_55","FB2_56","FB2_57","FB2_53","FB2_58","IGerM","FB1_16","FB2_43","FB2_49","FB2_51","FB2_59","FB2_60"
"AE","15","45","2","1","2",2,13,0,0,0,0,0,2,17,16,5,1.6,3,2,4,2,999,999,0,0,1,1,0,0,0,0,"0",0,"4","0506",999,1,1,"1204","2"
"AE","30","13","1","1","3",1,17,0,0,0,0,0,2,33,12,3,1.2,0,2,4,3,999,999,0,0,1,1,0,2,0,0,"0",0,"22","0605",999,1,1,"31","0"
"AE","85","7","1","1","2",2,12,0,0,0,0,0,2,23,20,5,2,0,2,2,3,7,4,1,5,0,1,0,1,0,0,"0",0,"22","0506",999,9,4,"31","0"
"AE","97","19","1","1","2",2,13,2,2,1,0,0,1,44,29,9,15.7,0,1,1,3,24,7,1,1,4,1,1,0,0,0,"3",1,"21","06",999,4,4,"31","0"
"AE","97","25","1","1","2",2,0,2,3,1,0,0,3,48,35,14,21.9,0,1,3,0,999,999,0,0,1,2,1,0,0,0,"3",9,"21","06",999,1,1,"","0"
"AE","112","13","1","1","2",2,17,0,1,2,0,0,1,34,31,6,5.1,0,1,1,5,10,5,1,5,0,2,99,99,0,0,"3",0,"21","0605",999,0,0,"","0"
"AE","112","13","2","1","15",1,17,0,1,2,0,0,3,51,40,12,18.4,0,1,2,5,17,7,1,1,0,1,99,1,0,0,"0",9,"21","0605",999,0,0,"","0"
"AE","115","10","1","1","2",2,17,0,0,0,0,0,6,39,25,8,7.9,1,1,6,3,15,5,1,4,0,1,2,99,8,6,"0",1,"8","0506",999,9,9,"31043131","2"
"AE","121","13","1","1","4",2,12,0,0,0,0,0,6,25,15,4,1.5,0,2,7,0,999,999,0,0,1,1,98,98,0,0,"3",0,"22","0605",999,1,1,"","0"
"AE","134","21","1","1","7",2,13,4,1,1,0,0,1,37,17,4,2.7,0,1,1,5,14,4,1,1,0,1,1,99,1,3,"3",1,"21","06",999,9,9,"","0"
"AE","135","20","1","1","4",2,13,0,0,0,0,0,1,25,20,6,2.7,0,1,1,6,10,5,1,3,0,1,99,99,0,0,"5",9,"21","0605",999,9,4,"","0"
"AE","145","21","1","1","16",4,18,0,2,2,0,0,2,24,21,3,2,0,2,3,3,999,999,0,0,1,1,0,99,0,0,"3",0,"22","0605",999,1,1,"","0"
"AE","145","21","2","1","11",2,11,4,0,3,0,0,1,29,17,6,3.3,0,1,1,5,8,5,1,1,0,1,99,99,0,0,"5",9,"21","0306",999,0,4,"","0"
"AE","159","7","2","1","16",1,18,0,1,1,0,0,1,21,11,8,1.7,0,4,9,0,999,999,0,0,1,2,98,98,8,6,"9",NA,"26","06",999,NA,NA,"","0"
"AE","211","11","1","1","3",1,0,0,0,0,0,0,6,18,14,3,1.1,3,2,8,1,999,999,0,0,1,1,0,99,0,0,"0",0,"3","0605",999,1,1,"31311306","B2"
"AE","219","8","1","1","16",4,18,0,5,3,7,2,2,19,15,5,1,0,2,4,0,999,999,0,0,1,4,98,98,8,6,"0",0,"22","11",999,1,1,"","0"
"AE","228","15","1","1","16",4,0,0,0,0,7,2,3,24,17,6,2.2,0,1,6,4,8,5,3,9,0,1,98,98,8,6,"0",0,"21","11",999,0,0,"","0"
"AE","248","7","1","1","2",2,13,4,1,2,0,0,6,38,33,16,24.4,3,1,8,1,999,999,0,0,1,2,0,99,0,0,"0",0,"9","05",999,1,1,"3106","2"
"AE","250","10","1","1","3",2,13,0,0,0,0,0,2,20,15,3,0.8,0,2,8,0,999,999,0,0,1,1,0,99,0,0,"0",0,"22","01",999,1,1,"","0"
"AE","251","18","1","1","2",2,12,2,0,1,0,0,6,28,14,3,1.4,0,2,7,0,999,999,0,0,1,2,0,1,0,0,"3",1,"22","06",999,1,1,"31","0"
"AE","252","9","1","1","16",4,18,0,0,0,7,2,2,23,18,5,2.9,0,2,4,3,999,999,0,0,1,1,98,98,0,0,"0",0,"22","11",999,1,1,"","0"
"AE","253","8","1","1","16",4,18,0,0,0,7,2,2,26,23,4,2.3,0,2,4,0,999,999,0,0,1,1,0,2,0,0,"0",0,"22","11",999,1,1,"3131","0"
"AE","253","8","2","1","16",4,18,0,0,0,7,2,2,23,22,5,2.9,0,2,4,0,999,999,0,0,1,1,0,2,0,0,"0",0,"22","11",999,1,1,"31","0"
"AE","254","36","1","1","2",2,13,0,1,2,0,0,1,24,20,6,2.6,0,1,1,2,10,4,1,5,0,2,99,0,0,0,"3",9,"21","0506",999,0,4,"16","0"
"AE","282","13","1","1","2",2,0,4,0,2,0,0,2,14,12,3,0.3,0,1,4,3,999,999,0,0,1,2,0,99,0,0,"0",0,"21","05",999,1,1,"","0"
"AE","285","21","1","1","16",2,13,4,5,3,7,2,9,57,44,36,117.4,0,5,9,0,999,999,0,0,1,4,98,98,0,0,"0",0,"29","11",999,1,1,"","0"
"AE","285","49","1","1","2",2,13,0,0,0,0,0,2,48,15,6,4.5,2,2,6,4,6,3,1,3,0,1,99,3,0,0,"0",1,"3","0506",999,0,4,"1331","2"
"AE","285","49","2","1","15",2,11,0,1,2,8,5,1,26,20,5,2.4,0,1,1,3,7,3,1,3,0,2,98,98,0,0,"3",0,"21","0605",999,9,9,"","0"
"AE","285","49","3","1","2",2,17,2,1,1,0,0,1,54,27,17,27.1,0,1,1,2,11,6,1,1,0,1,99,99,0,0,"5",1,"21","06",999,4,4,"","0"
"AE","288","37","1","1","4",1,13,0,3,2,0,0,1,44,35,12,17.1,3,1,1,4,24,9,1,1,0,1,1,98,0,0,"3",9,"11","0605",999,9,9,"09","0"
"AE","340","17","1","1","3",1,13,0,0,0,0,0,2,38,27,5,8,3,2,4,3,999,999,0,0,1,1,0,3,0,0,"0",3,"7","0306",999,1,1,"31313805","0"
"AE","340","29","1","1","16",4,18,4,5,2,0,0,1,43,35,23,41,0,5,NA,NA,NA,NA,NA,NA,NA,NA,NA,NA,NA,NA,NA,NA,"23","11",999,NA,NA,"31","0"
"AE","340","38","1","1","2",2,17,4,0,2,0,0,2,29,22,9,3.8,0,2,4,0,999,999,0,0,1,1,0,99,3,1,"0",4,"22","05",999,1,1,"31","0"
"AE","348","13","1","1","2",2,13,0,0,0,0,0,1,31,29,8,6.9,0,1,1,3,10,4,1,4,4,1,2,0,0,0,"3",1,"21","0506",999,0,0,"","0"
"AE","348","13","2","1","2",2,13,0,0,0,0,0,6,19,14,2,0.5,0,1,8,0,999,999,0,0,1,1,98,98,0,0,"0",0,"21","0506",999,1,1,"31","0"
"AE","348","13","3","1","16",4,18,0,5,3,5,5,9,19,13,6,0.9,0,1,8,0,999,999,0,0,1,4,98,98,0,0,"0",0,"21","11",999,1,1,"","0"
"AE","348","13","4","1","10",2,11,0,0,0,0,0,6,29,19,3,1.3,1,1,8,3,999,999,0,0,1,1,98,98,0,0,"0",0,"1","0306",999,1,1,"01","0"
"AE","353","14","1","1","16",4,18,0,5,0,4,2,6,17,16,7,1.7,0,1,6,6,10,4,2,3,9,1,98,98,0,0,"0",0,"21","11",999,9,9,"","0"
"AE","384","15","1","1","2",2,13,0,0,0,0,0,2,27,21,5,2.7,0,2,2,4,5,3,1,3,0,1,0,2,0,0,"0",1,"22","0506",999,0,4,"31","0"
"AE","453","14","1","1","16",4,0,0,5,3,4,2,6,18,15,4,1.1,0,2,8,0,999,999,0,0,1,4,0,0,0,0,"0",0,"22","11",999,1,1,"","0"
"AE","463","17","1","1","16",4,18,0,5,3,4,2,6,17,13,2,0.5,0,3,9,0,999,999,0,0,1,4,98,98,0,0,"0",0,"24","11",999,1,1,"","0"
"AE","463","17","2","1","16",4,0,0,5,3,4,2,6,10,7,2,0.2,0,3,9,0,999,999,0,0,1,4,98,98,0,0,"0",0,"24","11",999,1,1,"","0"
"AE","463","17","3","1","16",4,18,0,5,3,4,2,6,16,10,2,0.3,0,3,9,0,999,999,0,0,1,4,98,98,0,0,"0",0,"24","11",999,1,1,"","0"
"AE","463","17","4","1","16",4,18,3,5,3,7,2,9,26,25,5,2,4,1,6,0,999,999,6,9,9,4,98,98,8,6,"0",0,"21","11",999,0,0,"","0"
"AE","463","17","5","1","16",4,18,3,5,3,7,2,3,31,10,7,1.6,4,1,5,0,5,3,5,9,9,4,98,98,8,6,"3",0,"21","11",999,0,0,"","0"
"AE","463","17","6","1","16",4,18,3,5,3,7,2,9,33,26,7,4.2,4,1,6,0,11,6,5,9,9,4,98,98,8,6,"0",0,"21","11",999,9,9,"","0"
"AE","463","17","7","1","16",4,18,3,5,3,7,2,9,21,20,4,1.8,4,1,9,0,999,999,6,9,9,4,98,98,8,6,"9",0,"21","11",999,1,1,"","0"
"AE","463","17","8","1","3",2,15,0,0,0,0,0,1,21,16,5,1.5,0,1,1,2,8,2,1,1,0,1,0,99,0,0,"3",0,"21","0605",999,0,0,"16","0"
"AE","463","17","9","1","2",2,12,0,0,0,0,0,2,34,14,3,1.9,0,2,4,0,999,999,0,0,1,1,0,3,0,0,"0",1,"22","0506",999,1,1,"3131","0"
"AE","464","20","1","1","3",2,15,4,0,3,0,0,6,56,34,17,33.7,0,1,6,1,17,6,1,1,0,1,1,2,0,0,"0",3,"21","0605",999,0,0,"1631","0"
"AE","494","43","1","1","16",1,18,0,1,1,1,6,9,37,24,10,8,0,3,9,0,999,999,0,0,1,4,98,98,0,0,"0",0,"25","11",999,1,1,"","0"
"AE","494","96","1","1","11",2,0,2,3,1,0,0,9,12,9,5,0.6,0,3,9,0,999,999,0,0,1,4,98,98,0,0,"0",0,"25","06",999,1,1,"","0"
"AE","495","74","1","1","3",3,0,0,0,0,0,0,6,30,16,4,1.4,3,1,9,4,999,999,0,0,1,1,0,99,0,0,"0",0,"1","0103",999,1,1,"01","0"
"AE","496","34","1","1","2",2,17,0,0,0,0,0,2,74,21,8,11.1,3,2,4,4,999,999,0,0,1,1,0,3,0,0,"0",1,"7","0506",999,1,1,"313105","0"
"AE","505","17","1","1","10",2,12,0,0,0,0,0,6,28,12,3,1.2,3,1,8,0,999,999,0,0,1,1,0,98,0,0,"0",0,"1","0605",999,1,1,"01","0"
"AE","512","22","1","1","2",2,12,0,0,0,0,0,2,24,18,3,0.9,0,1,2,3,8,2,1,4,0,1,1,1,0,0,"0",0,"21","0506",999,0,0,"","0"
"AE","512","22","2","1","9",2,0,4,0,2,0,0,1,18,18,2,0.7,0,1,1,3,10,3,1,3,0,1,0,99,0,0,"3",0,"21","03",999,0,0,"","0"
"AE","524","32","1","1","3",2,12,0,0,0,0,0,1,33,20,6,3.4,0,1,1,1,25,6,1,3,0,1,99,98,0,0,"3",0,"21","0605",999,4,4,"","0"
"AE","530","25","1","1","10",3,0,3,5,1,0,0,3,22,16,5,2.1,0,1,2,2,13,5,1,3,0,1,99,0,0,0,"0",1,"21","06",999,0,4,"","0"
"AE","587","31","1","1","4",2,13,0,0,0,0,0,6,30,28,9,8.9,0,1,4,6,999,999,0,0,1,1,99,2,0,0,"0",0,"21","0605",999,1,1,"383111","2"
"AE","600","14","1","1","1",3,0,0,0,0,0,0,3,21,12,5,1.2,0,1,6,0,5,4,5,4,0,1,99,99,0,0,"0",0,"21","0506",999,0,0,"","0"
"AE","676","15","1","1","11",2,0,0,0,0,0,0,1,12,9,1,0.2,0,1,9,3,5,1,1,999,0,1,98,98,0,0,"3",0,"21","0605",3,0,4,"31","0"
"AE","708","13","1","1","2",2,12,0,0,0,0,0,6,18,13,3,0.8,3,2,8,0,999,999,0,0,1,1,98,98,0,0,"0",0,"1","0506",999,1,1,"01","0"
"AE","708","14","1","1","10",2,0,4,0,2,0,0,6,26,15,4,1.3,3,1,8,0,999,999,0,0,1,2,0,0,0,0,"0",0,"1","0306",999,1,1,"01","0"
"AE","708","15","1","1","3",1,12,0,0,0,0,0,6,22,17,3,0.9,2,1,8,0,999,999,0,0,1,1,0,0,0,0,"0",0,"1","0605",999,1,1,"01","0"
"AE","708","20","1","1","10",1,12,0,0,0,0,0,6,33,16,3,1.4,3,2,7,4,999,999,0,0,1,1,0,2,0,0,"3",0,"1","10",999,1,1,"01","0"
"AE","708","26","1","1","2",2,17,0,0,0,0,0,6,32,18,4,1.8,3,1,8,0,999,999,0,0,1,1,0,0,0,0,"0",0,"1","0506",999,1,1,"01","0"
"AE","708","27","1","1","10",1,0,0,5,2,0,0,6,22,16,3,0.8,2,1,8,0,999,999,0,0,1,4,0,0,0,0,"0",0,"1","0605",999,1,1,"01","0"
"AE","708","28","1","1","10",2,16,0,1,2,0,0,6,22,17,3,1.2,4,1,8,0,999,999,0,0,1,1,0,0,0,0,"0",0,"1","0605",999,1,1,"01","0"
"AE","708","35","1","1","2",2,15,0,1,2,0,0,6,17,15,3,0.7,1,1,8,0,999,999,0,0,1,2,0,0,0,0,"0",0,"1","0506",999,1,1,"01","0"
"AE","716","11","1","1",NA,NA,NA,NA,NA,NA,NA,7,NA,999,999,999,999,5,1,9,NA,NA,NA,NA,NA,NA,NA,NA,NA,NA,NA,NA,NA,"1","05",999,NA,NA,"01","0"
"AE","716","34","1","1","3",1,0,0,0,0,0,0,6,31,18,4,1.6,2,2,8,5,999,999,0,0,1,1,0,2,0,0,"0",0,"1","0605",999,1,1,"01","0"
"AE","821","20","1","1","2",2,0,0,0,0,0,0,3,22,19,4,1.9,0,2,4,2,999,999,0,0,1,1,0,99,0,0,"0",4,"22","0506",999,1,1,"31","0"
"AE","924","9","1","1","15",2,12,0,1,2,0,0,9,39,28,11,11.7,0,3,9,0,999,999,0,0,1,4,98,98,0,0,"0",0,"24","0605",999,1,1,"31","0"
"AE","1041","7","1","1","16",4,18,2,2,1,1,6,1,21,14,11,2.4,0,3,9,0,999,999,0,0,1,4,98,98,0,0,"0",0,"25","06",999,1,1,"","0"
"AE","1041","20","1","1","3",2,13,0,0,0,0,0,6,26,22,5,2.7,0,1,6,4,15,4,1,3,4,1,99,1,0,0,"0",1,"21","0605",999,0,4,"31","0"
"AE","1084","6","1","1","10",2,15,0,0,0,0,0,2,20,18,5,1.5,0,2,2,3,7,4,1,5,0,1,0,99,0,0,"0",4,"22","0605",999,0,4,"","0"
"AE","1096","6","1","1","2",2,12,4,2,2,0,0,1,53,31,13,24.5,0,1,1,6,8,6,1,4,4,2,99,98,0,0,"5",9,"21","05",999,4,4,"","0"
"AE","1146","13","1","1","16",4,18,0,0,0,2,2,6,28,20,5,3.5,0,2,2,4,9,4,3,5,0,1,2,1,0,0,"0",0,"22","11",999,9,9,"","0"
"AE","1146","21","1","1","3",2,15,0,0,0,0,0,6,46,39,11,17.2,3,1,8,0,999,999,0,0,1,1,99,2,6,5,"0",9,"7","0605",999,1,1,"0531","0"
"AE","1180","15","1","1","3",2,13,0,1,2,0,0,1,53,40,9,14.5,0,1,1,1,9,5,1,3,0,2,99,99,0,0,"3",0,"21","0605",999,0,0,"31","0"
"AE","1180","38","1","1","2",2,13,4,2,2,0,0,1,67,26,18,23.1,0,1,1,4,20,13,1,3,4,1,99,0,1,3,"0",7,"21","05",999,0,4,"31","0"
"AE","1180","38","2","1","2",2,12,0,0,0,0,0,2,38,19,5,4,0,2,4,0,999,999,0,0,1,1,0,3,0,0,"0",1,"22","0506",999,1,1,"31","0"
"AE","1185","13","1","1","1",2,17,0,1,2,0,0,1,34,17,11,6.1,0,1,1,4,4,3,1,9,0,1,99,1,6,2,"5",0,"21","0506",999,9,9,"31","0"
"AE","1199","8","1","1","2",2,16,0,0,0,0,0,1,39,20,9,5.9,0,1,1,3,6,3,6,9,0,1,99,99,6,1,"3",9,"21","0506",999,0,4,"16","0"
"AE","1199","10","1","1","9",2,13,0,1,0,0,0,6,40,11,8,3.3,3,2,8,0,999,999,0,0,1,1,99,1,0,0,"0",4,"2","0306",999,1,1,"310211","2"
"AE","1199","10","2","1","2",2,12,0,0,0,0,0,2,21,14,5,1.5,3,2,4,3,999,999,0,0,1,1,0,99,0,0,"0",0,"8","0506",999,1,1,"04","0"
"AE","1199","41","1","1","3",2,13,0,0,0,0,0,2,39,29,7,7.6,3,2,6,3,12,6,1,3,0,1,2,1,0,0,"0",1,"9","0605",999,0,4,"06","0"
"AE","1199","41","2","1","2",2,11,4,0,2,0,0,6,27,18,6,2.7,0,1,2,2,12,6,3,3,0,1,0,1,0,0,"0",9,"21","05",999,0,4,"","0"
"AE","1199","41","3","1","2",3,0,0,0,0,0,0,6,27,13,3,0.9,3,2,8,0,999,999,0,0,1,1,0,2,0,0,"0",0,"1","0109",999,1,1,"01","0"
"AE","1225","8","1","1","2",2,12,0,0,0,0,0,2,18,17,4,0.9,0,1,2,3,998,998,1,999,0,1,99,99,0,0,"0",3,"21","0506",3,0,4,"","0"
"AE","1233","10","1","1","2",2,13,0,1,2,0,0,2,35,27,9,10.6,0,2,2,3,12,5,1,3,0,1,1,1,0,0,"0",1,"22","0506",999,9,9,"3131","0"
"AE","1233","10","2","1","3",1,13,0,0,0,0,0,2,34,23,5,5.9,3,2,2,4,9,4,1,3,0,1,2,1,0,0,"0",1,"8","0605",999,0,4,"100431","2"
"AE","1233","25","1","1","2",2,17,4,0,3,0,0,2,24,16,4,1.9,3,2,4,0,999,999,0,0,1,1,0,99,0,0,"0",1,"4","0506",999,1,1,"1412","2"
"AE","1236","13","1","1","2",2,16,0,2,2,0,0,2,32,29,8,7,3,1,2,2,7,3,1,3,0,2,0,99,0,0,"0",9,"9","0506",999,0,4,"3106","2"
"AE","1253","20","1","1","2",2,17,0,1,2,0,0,2,82,53,45,284,3,5,NA,NA,NA,NA,NA,NA,NA,1,NA,NA,NA,NA,NA,NA,"19","0506",999,NA,NA,"15","0"
"AE","1254","13","1","1","7",2,0,0,0,0,0,0,6,30,22,6,3.9,1,2,6,4,7,3,1,4,0,1,99,2,0,0,"0",1,"8","03",999,9,9,"31043131","2"
"AE","1268","25","1","1","4",2,12,4,5,2,0,0,3,42,29,10,12.4,3,1,2,5,998,998,6,9,4,1,0,2,0,0,"0",0,"7","05",999,4,4,"05","0"
"AE","1295","7","1","1","3",2,0,4,0,2,0,0,3,31,17,6,3.5,0,1,3,0,999,999,0,0,1,3,0,0,0,0,"9",0,"21","0305",999,1,1,"","0"
"AE","1295","15","1","1","2",3,12,0,0,0,0,0,3,22,20,6,3,2,1,2,6,8,5,1,4,0,1,99,99,0,0,"0",0,"8","0506",999,0,4,"04","0"
"AE","1296","19","1","1","2",2,12,0,0,0,0,0,1,20,18,4,1.6,0,1,1,4,10,3,5,3,0,1,99,99,0,0,"9",9,"21","0506",999,4,0,"","0"
"AE","1308","14","1","1","6",1,0,0,0,0,0,0,3,18,14,3,1,0,2,4,0,999,999,0,0,1,1,0,99,0,0,"0",0,"22","0605",999,1,1,"","0"
"AE","1308","31","1","1","2",1,17,0,0,0,0,0,1,71,49,40,150.2,0,5,NA,NA,NA,NA,NA,NA,NA,1,NA,NA,NA,NA,NA,NA,"23","0605",999,NA,NA,"","0"
"AE","1311","15","1","1","2",2,12,0,0,0,0,0,6,24,15,3,1.3,0,1,8,0,999,999,0,0,1,1,0,99,0,0,"0",0,"21","0506",999,1,1,"3131","0"
"AE","1311","15","2","1","2",2,0,0,0,0,0,0,9,10,8,4,0.4,0,3,9,0,999,999,0,0,1,1,98,98,0,0,"0",0,"24","0506",999,1,1,"","0"
"AE","1311","15","3","1","2",2,18,0,0,0,0,0,2,20,11,5,0.8,0,1,4,0,999,999,0,0,1,1,98,98,8,6,"0",0,"21","0506",999,1,1,"","0"
"AE","1316","8","1","1","2",3,17,0,0,0,0,0,2,41,27,8,9.1,0,1,2,3,14,7,1,5,0,1,0,1,2,2,"0",9,"21","0506",999,0,0,"3131","0"
"AE","1316","26","1","1","16",4,18,0,0,3,4,2,6,15,13,3,0.6,0,1,8,0,999,999,0,0,1,4,98,98,0,0,"0",0,"21","11",999,1,1,"","0"
"AE","1317","9","1","1","16",4,18,4,0,3,0,0,2,44,27,10,10.7,3,2,2,3,16,7,1,9,9,1,1,2,0,0,"0",1,"8","11",999,0,4,"04","0"
"AE","1317","9","2","1","3",2,14,0,0,0,0,0,2,34,18,6,3.8,3,2,2,3,7,4,1,3,0,1,1,99,0,0,"0",1,"8","0605",999,0,0,"3104","2"
"AE","1317","9","3","1","3",3,16,4,0,2,0,0,6,39,31,9,13.3,3,1,8,0,999,999,0,0,1,1,0,2,0,0,"0",0,"8","0501",999,1,1,"31043104","22"
"AE","1317","9","4","1","3",2,15,0,1,2,0,0,1,34,25,7,5.6,0,1,1,4,11,4,1,9,9,2,99,99,0,0,"5",9,"21","0605",999,4,4,"3116","0"
"AE","1317","9","5","1","10",2,0,4,0,2,0,0,1,37,22,7,5,0,1,1,4,998,998,1,999,0,2,99,98,0,0,"3",0,"21","05",2,4,4,"","0"
"AE","1317","9","6","1","10",2,0,4,0,2,0,0,1,22,14,3,1,0,1,1,3,7,2,5,3,0,1,99,99,0,0,"3",0,"21","05",999,0,4,"","0"
"AE","1317","9","7","1","10",2,0,4,2,3,0,0,2,15,12,3,0.4,0,1,9,0,9,3,1,5,0,3,0,0,0,0,"0",0,"21","0605",999,9,9,"","0"
"AE","1317","9","8","1","3",1,12,0,0,0,0,0,1,32,27,10,8.1,0,1,1,5,998,998,1,999,0,1,0,1,5,3,"3",0,"21","0605",3,4,9,"","0"
"AE","1317","9","9","1","2",1,12,0,0,0,0,0,1,26,23,5,2.7,0,1,1,4,17,6,1,3,0,1,99,1,0,0,"3",4,"21","0605",999,4,4,"","0"
"AE","1317","9","10","1","2",1,13,0,0,0,0,0,3,23,20,8,3,0,1,2,6,18,4,1,999,0,1,99,0,8,0,"0",0,"21","0605",3,0,4,"","0"
"AE","1317","9","11","1","2",2,13,0,0,0,0,0,1,43,37,24,41.6,0,5,NA,NA,NA,NA,NA,NA,NA,1,NA,NA,NA,NA,NA,NA,"23","0506",999,NA,NA,"","0"
"AE","1317","32","1","1","2",2,16,0,0,0,0,0,1,29,23,6,4.1,0,1,1,5,10,5,3,5,0,1,1,99,0,0,"3",9,"21","0506",999,9,9,"","0"
"AE","1317","32","2","1","2",2,16,0,1,2,0,0,2,30,22,8,4.8,0,2,4,0,999,999,0,0,1,1,0,2,0,0,"0",1,"22","0506",999,1,1,"31","0"
"AE","1317","32","3","1","10",2,0,4,0,2,0,0,2,20,14,6,0.9,0,1,3,0,999,999,0,0,1,2,98,98,0,0,"3",0,"21","05",999,1,1,"","0"
"AE","1317","41","1","1","2",2,13,0,0,0,0,0,1,24,17,4,1.3,0,1,1,2,4,3,5,3,0,1,0,99,0,0,"3",0,"21","0506",999,0,0,"","0"
"AE","1317","41","2","1","2",2,0,0,0,0,0,0,1,13,13,2,0.2,0,1,1,3,5,1,1,999,0,1,98,98,0,0,"3",0,"21","0506",3,9,9,"","0"
"AE","1317","43","1","1","2",3,12,0,0,0,0,0,2,35,25,6,4.4,0,1,2,4,14,5,1,4,0,1,1,1,0,0,"0",1,"21","0506",999,0,0,"","0"
"AE","1317","43","2","1","2",2,12,4,0,2,0,0,1,28,16,7,3.7,0,1,1,0,14,4,1,1,9,4,98,98,0,0,"0",0,"21","05",999,1,1,"","0"
"AE","1335","7","1","1","16",4,18,0,5,3,7,2,9,21,20,8,2.1,0,1,9,0,999,999,0,0,1,4,98,98,0,0,"9",0,"21","11",999,1,1,"","0"
"AE","1335","20","1","1","3",2,0,4,0,2,0,0,3,23,18,5,2.6,0,2,4,0,999,999,0,0,1,1,0,99,0,0,"0",0,"22","05",999,1,1,"31","0"
"AE","1335","20","2","1","16",4,0,0,5,3,7,2,6,17,12,5,0.8,0,1,8,0,999,999,0,0,1,4,98,98,0,0,"0",0,"21","11",999,1,1,"","0"
"AE","1335","20","3","1","3",3,12,0,0,0,0,0,2,28,18,5,3.3,3,2,4,0,999,999,0,0,1,1,0,2,0,0,"0",1,"8","0605",999,1,1,"3104","2"
"AE","1335","20","4","1","4",2,0,0,1,2,0,0,1,20,18,7,3,0,1,1,1,4,2,1,1,0,1,99,99,0,0,"3",0,"21","0605",999,0,4,"31","0"
"AE","1335","20","5","1","2",2,12,0,0,0,0,0,2,44,26,8,10,3,2,4,0,999,999,0,0,1,1,0,4,0,0,"0",1,"3","0506",999,1,1,"0931131004","B22"
"AE","1340","33","1","1","3",2,12,0,0,0,0,0,3,19,16,3,1.1,0,2,4,0,999,999,0,0,1,1,0,99,0,0,"0",1,"22","0605",999,1,1,"","0"
"AE","1368","84","1","1","3",1,14,0,0,0,0,0,1,42,28,6,5.5,0,1,1,3,12,5,1,4,0,1,99,1,0,0,"3",7,"21","0605",999,0,4,"31","0"
"AE","1368","236","1","1","16",4,0,2,2,1,0,0,9,14,14,7,1.7,0,3,9,0,999,999,0,0,1,4,98,98,0,0,"0",0,"25","06",999,1,1,"","0"
"AE","1368","269","1","1","10",2,0,0,1,2,0,0,6,37,27,8,7.9,0,1,6,4,7,3,3,5,0,2,99,99,0,0,"0",0,"21","0605",999,9,9,"3116","0"
"AE","1368","427","1","1","16",4,0,0,0,0,0,0,2,24,17,4,1.7,0,2,4,0,999,999,0,0,1,1,0,2,0,0,"0",0,"22","11",999,1,1,"31","0"
"AE","1368","434","1","1","2",3,14,3,0,3,0,0,2,24,16,4,2,0,2,2,3,8,3,1,5,0,1,99,99,0,0,"0",1,"22","0506",999,4,0,"3131","0"
"AE","1409","13","1","1","16",4,18,0,5,3,7,4,2,71,25,6,9,3,2,4,0,999,999,0,0,1,4,0,3,0,0,"0",0,"4","11",999,1,1,"310512","0"
"AE","1431","6","1","1","3",1,14,0,0,0,0,0,1,28,20,7,4.1,0,1,1,3,998,998,1,999,9,1,0,99,8,0,"5",9,"21","0605",3,9,9,"","0"
"AE","1431","17","1","1","2",2,0,4,0,2,0,0,3,20,9,6,1.2,0,1,3,0,999,999,0,0,1,2,0,99,0,0,"5",1,"21","05",999,1,1,"","0"
"AE","1451","7","1","1","11",2,0,0,1,2,0,0,6,44,25,6,5.5,0,2,7,0,999,999,0,0,1,2,0,1,0,0,"9",1,"22","0605",999,1,1,"3131","0"
"AE","1530","21","1","1","2",3,12,0,0,0,0,0,2,26,21,7,4.1,0,2,4,0,999,999,0,0,1,1,0,99,0,0,"0",1,"22","0506",999,1,1,"3131","0"
"AE","1599","7","1","1","3",3,13,0,0,0,0,0,6,25,18,7,3.5,3,2,8,1,999,999,0,0,1,1,0,99,0,0,"0",0,"7","01",999,1,1,"31050608","2"
"AE","1599","8","1","1","2",2,13,0,0,0,0,0,2,28,22,4,3,3,2,4,3,999,999,0,0,1,1,0,99,0,0,"0",1,"4","0506",999,1,1,"311205","B"
"AE","1599","13","1","1","16",4,18,0,5,3,7,2,9,30,23,11,6,0,3,9,0,999,999,0,0,1,4,98,98,0,0,"0",0,"24","11",999,1,1,"","0"
"AE","1668","20","1","1","2",2,12,0,0,0,0,0,2,26,17,5,2.9,0,2,2,3,10,3,1,5,0,1,99,99,0,0,"0",1,"22","0506",999,0,0,"","0"
"AE","1668","20","2","1","2",3,17,4,0,2,0,0,1,59,51,27,54,3,1,1,3,28,8,1,1,0,1,1,1,5,3,"7",9,"9","05",999,9,4,"310631","2"
"AE","1720","13","1","1","3",2,0,0,0,0,0,0,2,22,13,6,1.2,0,1,3,0,999,999,0,0,1,1,1,99,0,0,"3",1,"21","0605",999,1,1,"","0"
"AE","1730","16","1","1","3",2,0,0,0,0,0,0,3,29,17,8,3.6,0,2,4,0,999,999,0,0,1,1,0,99,0,0,"0",0,"22","0105",999,1,1,"","0"
"AE","1731","14","1","1","3",1,16,0,0,0,0,0,3,28,24,6,4.2,3,1,4,0,999,999,0,0,1,1,0,2,0,0,"0",0,"7","0605",999,1,1,"05","0"
"AE","1731","14","2","1","16",4,18,0,5,3,7,2,9,27,18,8,2.9,0,1,8,0,999,999,0,0,1,4,0,1,0,0,"0",0,"21","11",999,1,1,"","0"
"AE","1731","14","3","1","16",4,18,3,5,3,4,5,6,13,10,5,0.4,0,1,7,0,999,999,0,0,1,4,98,98,0,0,"3",0,"21","11",999,1,1,"","0"
"AE","1739","16","1","1","2",2,13,0,0,0,0,0,1,35,27,6,4.8,1,1,2,3,8,5,5,3,0,1,0,2,0,0,"0",1,"7","0506",999,9,9,"0531","0"
"AE","1774","17","1","1","3",1,12,0,0,0,0,0,1,39,30,10,11.1,3,1,1,3,21,10,1,4,0,1,0,2,0,0,"3",0,"7","0306",999,0,0,"05","0"
"AE","1801","10","1","1","3",1,0,0,0,0,0,0,6,40,18,6,4.5,3,2,8,4,999,999,0,0,1,1,0,2,0,0,"0",0,"3","0806",999,1,1,"1331040632","2B"
"AE","1801","26","1","1","1",3,16,4,0,2,0,0,1,38,35,15,15.9,0,1,3,3,999,999,0,0,1,1,0,2,0,0,"5",3,"21","05",999,1,1,"31","0"
"AE","1801","26","2","1","2",3,17,0,0,0,0,0,1,55,24,19,19.3,0,1,1,3,998,998,1,5,0,1,1,99,2,3,"7",9,"21","0506",999,0,4,"","0"
"AE","1801","26","3","1","2",2,0,3,0,1,0,0,6,36,22,6,5.6,0,2,4,0,999,999,0,0,1,2,0,2,0,0,"0",0,"22","0506",999,1,1,"31","0"
"AE","1801","26","4","1","2",3,13,0,0,0,0,0,6,45,28,26,39,3,5,NA,NA,NA,NA,NA,NA,NA,1,NA,NA,NA,NA,NA,NA,"19","0506",999,NA,NA,"15","0"
"AE","1858","28","1","1","2",2,16,4,0,2,0,0,3,53,34,15,29,0,1,2,1,998,998,1,1,0,1,1,1,2,3,"0",9,"21","05",999,0,0,"","0"
"AE","1871","31","1","1","3",1,0,0,5,2,0,0,2,28,24,6,4.5,0,1,2,2,13,5,1,5,0,4,0,98,0,0,"0",0,"21","0605",999,9,9,"","0"
"AE","1907","15","1","1","16",2,13,0,1,2,1,4,6,25,18,6,2.8,2,2,4,0,999,999,0,0,1,2,0,1,0,0,"0",1,"2","11",999,1,1,"020631","0"
"AE","1907","18","1","1","7",2,0,4,2,1,0,0,1,42,11,7,3.2,0,2,1,4,7,4,1,4,0,1,0,99,0,0,"7",1,"22","06",999,9,9,"","0"
"AE","1907","18","2","1","2",2,16,0,0,0,0,0,3,30,21,6,3.7,0,1,3,0,999,999,0,0,1,1,0,1,0,0,"3",0,"21","0506",999,1,1,"31","0"
"AE","1907","33","1","1","4",1,0,0,0,0,0,0,2,47,31,8,16,0,2,4,0,999,999,0,0,1,1,0,4,0,0,"0",1,"22","0306",999,1,1,"3131","2"
"AE","1907","49","1","1","3",1,14,0,0,0,0,0,6,30,27,6,4.8,0,2,6,3,5,3,1,5,0,1,99,2,0,0,"0",0,"22","0605",999,0,0,"","0"
"AE","1907","49","2","1","2",2,16,0,0,0,0,0,1,27,23,3,1.8,0,3,9,0,999,999,0,0,1,1,98,98,0,0,"0",0,"24","0506",999,1,1,"","0"
"AE","1907","49","3","1","2",2,0,3,0,1,0,0,6,25,13,6,2.2,0,1,6,2,8,3,1,3,0,2,99,0,0,0,"0",9,"21","06",999,0,0,"","0"
"AE","1907","49","4","1","4",2,12,4,0,1,0,0,3,23,22,9,4.1,0,1,3,0,999,999,0,0,1,1,0,99,7,6,"7",1,"21","06",999,1,1,"","0"
"AE","1907","49","5","1","2",3,0,4,0,2,0,0,6,22,20,6,3.3,3,2,3,3,999,999,0,0,1,1,0,99,0,0,"5",1,"9","05",999,1,1,"3106310931","22"
"AE","1907","84","1","1","3",1,14,4,0,2,0,0,1,47,28,7,6.9,0,1,1,3,14,7,1,4,0,1,1,1,0,0,"3",4,"21","05",999,0,0,"3131","0"
"AE","1907","84","2","1","3",2,15,4,2,2,0,0,1,37,20,9,6.4,0,1,1,4,18,9,5,1,0,1,2,99,0,0,"5",1,"21","05",999,0,0,"","0"
"AE","1907","84","3","1","2",2,0,0,0,0,6,2,9,34,27,5,4.3,0,2,6,4,12,2,1,3,0,1,99,98,0,0,"0",0,"22","11",999,9,9,"","0"
"AE","1907","84","4","1","2",3,17,0,0,0,0,0,6,28,22,6,4.2,3,2,2,3,10,6,1,4,0,1,1,2,0,0,"0",1,"9","0506",999,4,4,"310631","2"
"AE","1907","84","5","1","3",2,13,0,1,2,0,0,3,20,19,6,2.8,2,2,6,6,12,4,1,5,0,1,0,99,0,0,"0",3,"9","0605",999,0,4,"0631","0"
"AE","1962","6","1","1","2",2,16,4,0,1,0,0,2,41,17,4,2.7,0,2,4,4,999,999,0,0,1,1,0,2,8,6,"0",0,"22","06",999,1,1,"","0"
"AE","1967","14","1","1","16",4,18,0,5,3,4,2,6,24,20,8,3.9,0,1,6,3,14,6,1,9,9,4,98,99,0,0,"0",0,"21","11",999,9,9,"","0"
"AE","1967","14","2","1","3",2,12,0,1,2,0,0,1,28,17,8,4.3,0,1,1,4,17,15,3,4,4,1,0,99,0,0,"5",4,"21","0605",999,4,4,"","0"
"AE","1967","14","3","1","10",2,0,0,0,0,0,0,2,40,19,5,4.3,3,2,4,3,999,999,0,0,1,1,0,3,0,0,"0",1,"4","0605",999,1,1,"12311231","22"
"AE","1967","14","4","1","16",4,0,0,5,3,4,4,6,22,14,4,1.1,4,2,8,0,999,999,0,0,1,4,98,98,0,0,"0",0,"1","11",999,1,1,"01","0"
"AE","1967","39","1","1","16",4,0,0,5,3,7,4,9,36,28,10,11.1,4,1,6,3,998,998,6,9,0,4,98,98,0,0,"0",0,"8","11",999,9,9,"04","0"
"AE","1967","39","2","1","16",4,18,0,5,3,7,2,9,12,10,5,0.4,0,3,9,0,999,999,0,0,1,4,98,98,0,0,"0",0,"25","11",999,1,1,"","0"
"AE","1967","39","3","1","16",4,18,0,5,3,7,2,9,9,8,3,0.2,0,3,9,0,999,999,0,0,1,4,98,98,0,0,"0",0,"24","11",999,1,1,"","0"
"AE","1967","39","4","1","2",2,17,0,0,0,0,0,6,28,23,5,3.1,2,2,6,3,8,3,1,3,0,1,1,1,0,0,"0",1,"8","0506",999,0,0,"3104","2"
"AE","1967","43","1","1","7",2,0,0,2,2,0,0,6,50,30,6,8.7,0,2,6,3,9,5,1,3,0,1,99,2,0,0,"0",1,"22","0306",999,0,4,"31","0"
"AE","1976","6","1","1","2",3,17,0,1,3,0,0,6,66,13,7,6.6,3,2,8,3,999,999,0,0,1,1,0,3,0,0,"0",1,"9","0506",999,1,1,"063131314438","0"
"AE","1978","6","1","1","1",3,17,0,0,0,0,0,2,44,16,6,5.7,3,2,6,4,9,5,1,3,0,1,0,3,0,0,"0",1,"9","0506",999,9,9,"06313138","0"
"AE","2001","24","1","1","10",2,13,4,1,3,0,0,6,35,30,9,5.2,0,1,2,5,24,9,1,5,0,2,99,99,0,0,"0",1,"21","03",999,0,4,"","0"
"AE","2001","24","2","1","3",2,13,4,0,2,0,0,2,52,26,6,10.1,3,2,2,3,8,4,1,4,0,2,1,99,0,0,"0",1,"3","0305",999,0,4,"13143105","22"
"AE","2001","24","3","1","3",2,13,0,0,0,0,0,6,39,19,4,3.6,3,2,6,4,15,4,1,3,0,1,0,2,0,0,"0",0,"4","0605",999,9,9,"3112","0"
"AE","2001","24","4","1","16",4,18,0,5,3,4,4,6,33,26,7,5.1,1,2,8,0,999,999,0,0,1,4,98,98,0,0,"0",0,"8","11",999,1,1,"04","0"
"AE","2001","24","5","1","4",2,0,0,0,0,0,0,2,21,17,5,2.2,3,2,4,0,999,999,0,0,1,1,0,99,0,0,"0",0,"8","0306",999,1,1,"043131","0"
"AE","2001","24","6","1","16",4,18,0,5,3,7,2,9,23,21,7,2.2,0,1,9,0,998,998,6,9,9,4,98,98,0,0,"0",0,"21","11",999,1,1,"","0"
"AE","2001","24","7","1","16",4,18,0,5,3,7,2,9,19,15,5,2.3,0,1,8,0,999,999,0,0,1,4,98,98,0,0,"0",0,"21","11",999,1,1,"","0"
"AE","2004","13","1","1","2",2,0,4,2,1,0,0,1,34,26,10,10,0,3,9,0,999,999,0,0,1,2,98,98,0,0,"0",0,"24","06",999,1,1,"","0"
"AE","2013","35","1","1","10",2,0,4,0,1,0,0,6,32,26,7,4.3,0,2,2,2,16,5,1,4,0,2,0,99,0,0,"0",9,"22","06",999,0,4,"","0"
"AE","2033","6","1","1","3",2,12,0,0,0,0,0,2,35,27,12,9.7,0,3,9,0,999,999,0,0,1,4,98,98,0,0,"0",0,"24","0605",999,1,1,"31","0"
"AE","2079","6","1","1","2",2,13,0,0,0,0,0,1,14,14,2,0.6,0,1,1,0,8,2,1,3,0,1,98,98,0,0,"0",0,"21","0506",999,9,9,"","0"
"AE","2099","19","1","1","3",1,13,0,0,2,0,0,6,55,41,17,40.9,3,3,9,0,999,999,0,0,1,4,98,98,0,0,"0",0,"11","0605",999,1,1,"0931","0"
"AE","2118","24","1","1","11",1,0,4,1,2,0,0,1,32,20,7,4.6,0,1,1,1,17,6,1,5,0,2,0,99,0,0,"5",0,"21","02",999,0,4,"","0"
"AE","2180","14","1","1","16",4,18,0,5,3,7,2,9,31,28,9,7.3,0,1,8,0,999,999,0,0,1,4,98,98,0,0,"0",0,"21","11",999,1,1,"","0"
"AE","2180","20","1","1","2",2,11,0,0,0,0,0,2,36,17,6,2.6,0,1,2,1,18,6,1,4,0,1,99,99,0,0,"0",0,"21","0506",999,0,4,"31","0"
"AE","2180","20","2","1","2",2,16,0,0,0,0,0,6,20,17,3,1.3,2,2,8,3,999,999,0,0,1,1,0,99,0,0,"0",0,"1","0506",999,1,1,"01","0"
"AE","2180","20","3","1","2",2,17,0,0,0,0,0,2,45,18,5,4,3,2,4,4,999,999,0,0,1,1,0,3,0,0,"0",1,"7","0506",999,1,1,"05","0"
"AE","2180","20","4","1","4",2,0,0,0,0,0,0,2,22,14,4,1.1,0,2,2,3,8,4,3,3,0,1,1,99,0,0,"0",0,"22","0605",999,9,9,"","0"
"AE","2180","20","5","1","16",4,18,0,5,3,7,2,9,36,27,10,8,0,1,9,0,999,999,6,9,9,4,98,98,0,0,"3",0,"21","11",999,9,9,"","0"
"AE","2181","6","1","1","2",2,11,0,0,0,0,0,3,17,12,5,1.2,3,2,4,0,999,999,0,0,1,1,0,99,0,0,"0",1,"8","0506",999,1,1,"310431","2"
"AE","2194","6","1","1","2",2,0,0,0,0,0,0,1,35,24,5,3.4,0,1,1,3,9,4,1,3,4,1,0,1,0,0,"3",0,"21","0506",999,0,4,"","0"
"AE","2225","6","1","1","4",2,16,0,1,3,0,0,1,42,20,18,15.1,4,1,1,4,14,4,1,999,0,1,99,3,0,0,"5",1,"11","0605",3,0,4,"3109","0"
"AE","2225","18","1","1","16",4,0,0,0,0,5,2,9,14,10,4,0.8,0,2,8,0,999,999,0,0,1,1,0,99,0,0,"0",0,"22","11",999,1,1,"","0"
"AE","2225","18","2","1","3",1,15,0,0,0,0,0,6,18,15,4,1.2,0,2,4,3,999,999,0,0,1,1,0,2,0,0,"0",0,"22","0605",999,1,1,"","0"
"AE","2225","18","3","1","2",2,13,0,0,0,0,0,2,31,22,6,4.8,1,2,2,3,13,4,3,5,0,1,1,1,0,0,"0",1,"8","0506",999,0,4,"3104","2"
"AE","2347","6","1","1","2",2,17,0,1,2,0,0,3,25,21,5,2.4,0,2,2,3,17,5,1,3,0,2,0,99,0,0,"0",1,"22","0506",999,0,4,"","0"
"AE","2347","6","2","1","4",2,14,4,0,3,0,0,2,23,22,4,2.3,3,1,4,0,999,999,0,0,1,2,0,1,0,0,"0",1,"7","0605",999,1,1,"05","0"
"AE","2350","15","1","1","16",4,18,0,5,3,8,2,6,32,25,10,6.1,0,1,6,3,9,6,3,3,9,4,98,98,0,0,"0",4,"21","11",999,9,9,"","0"
"AE","2350","15","2","1","16",4,18,0,5,3,7,2,6,24,15,3,1.4,0,1,7,0,999,999,0,0,1,4,98,98,0,0,"3",0,"21","11",999,1,1,"","0"
"AE","2412","17","1","1","16",4,18,0,4,3,7,2,6,17,15,4,0.7,0,2,7,0,999,999,0,0,1,4,98,98,0,0,"3",0,"22","11",999,1,1,"","0"
"AE","2412","17","2","1","3",1,0,0,1,2,0,0,6,21,19,4,1.4,0,2,7,3,999,999,0,0,1,1,0,99,0,0,"3",1,"22","0605",999,1,1,"","0"
"AE","2412","46","1","1","10",2,0,0,0,0,0,0,3,18,17,4,1.1,0,2,4,6,999,999,0,0,1,1,0,99,8,6,"0",0,"22","0306",999,1,1,"31","0"
"AE","2412","46","2","1","3",1,0,0,0,0,0,0,1,18,13,6,1,0,1,5,5,998,998,5,999,0,1,98,98,0,0,"3",0,"21","0605",3,9,9,"","0"
"AE","2435","8","1","1","3",2,13,4,2,2,0,0,1,32,21,5,3,0,1,1,4,8,3,1,4,0,1,0,2,0,0,"3",1,"21","05",999,9,9,"31","0"
"AE","2435","14","1","1","3",1,0,0,0,0,0,0,1,29,17,6,2.4,0,1,1,4,11,5,1,3,0,1,0,1,0,0,"3",7,"21","0605",999,0,4,"","0"
"AE","2437","6","1","1","2",2,12,4,0,2,0,0,6,33,21,9,6.1,0,1,7,1,999,999,0,0,1,2,0,99,0,0,"3",0,"21","05",999,1,1,"","0"
"AE","2465","14","1","1","3",2,16,0,0,2,0,0,2,32,19,4,2.5,0,1,2,5,13,2,1,999,0,4,0,0,0,0,"0",0,"21","0605",3,0,0,"","0"
"AE","2465","14","2","1","8",2,0,2,2,1,0,0,6,35,25,9,8.4,3,4,9,0,999,999,0,0,1,4,98,98,0,0,"0",0,"11","06",999,1,1,"09","0"
"AE","2469","39","1","1","3",1,12,0,1,2,0,0,2,41,25,10,11.4,0,2,2,4,17,10,1,4,0,1,0,99,3,1,"0",0,"22","0605",999,0,4,"31","0"
"AE","2493","13","1","1","3",2,13,0,1,2,0,0,2,46,40,10,18.1,3,1,2,6,25,8,1,3,0,2,0,1,0,0,"0",1,"8","0306",999,0,0,"3104","2"
"AE","2559","9","1","1","2",2,12,0,0,0,0,0,6,34,20,6,3.4,0,1,6,5,12,5,1,3,0,1,0,1,0,0,"0",9,"21","0506",999,0,4,"","0"
"AE","2569","11","1","1","2",2,12,0,0,0,0,0,2,41,36,12,20.4,3,1,4,4,999,999,0,0,1,1,0,99,0,0,"0",3,"7","0506",999,1,1,"160905","2B"
"AE","2569","11","2","1","3",1,16,0,0,0,0,0,3,27,24,6,4.2,0,1,5,5,13,6,1,3,0,1,1,99,0,0,"3",9,"21","0605",999,0,0,"","0"
"AE","2569","11","3","1","3",1,14,0,0,0,0,0,2,20,15,4,1.4,0,2,2,4,6,2,1,3,0,1,0,99,0,0,"0",1,"22","0605",999,9,9,"3131","0"
"AE","2569","11","4","1","2",2,12,0,1,2,0,0,1,40,20,10,5.2,0,1,1,2,16,4,1,9,9,1,99,0,1,3,"3",1,"21","0506",999,4,0,"31","0"
"AE","2569","11","5","1","2",2,12,2,5,1,0,0,1,36,30,16,15.4,0,1,1,4,998,998,1,1,0,1,0,1,0,0,"7",9,"21","06",999,0,0,"3131","2"
"AE","2569","11","6","1","3",2,16,0,5,2,0,0,9,48,46,39,107.9,3,5,NA,NA,NA,NA,NA,NA,NA,NA,NA,NA,NA,NA,NA,NA,"19","0605",999,NA,NA,"15","0"
"AE","2575","19","1","1","2",2,14,0,0,0,0,0,1,15,9,2,0.2,0,1,1,4,6,2,1,999,0,1,0,99,0,0,"3",1,"21","0506",3,9,9,"","0"
"AE","2588","6","1","1","2",2,12,2,1,1,0,0,6,32,18,10,4.5,0,1,8,0,999,999,0,0,1,3,0,0,0,0,"0",0,"21","06",999,1,1,"31","0"
"AE","2600","7","1","1","2",2,17,0,0,0,0,0,2,45,39,8,9.6,0,1,4,2,999,999,0,0,1,1,99,1,0,0,"0",9,"21","0506",999,1,1,"","0"
"AE","2600","7","2","1","3",1,0,0,0,0,0,0,6,27,20,7,3.3,0,1,6,2,11,4,1,3,9,1,98,98,0,0,"0",0,"21","0605",999,0,0,"","0"
"AE","2600","7","3","1","3",2,18,4,1,3,0,0,9,60,58,57,293.3,3,3,9,0,999,999,0,0,1,4,98,98,0,0,"0",0,"19","0605",999,1,1,"15","0"
"AE","2600","32","1","1","16",2,0,0,5,3,5,5,2,25,14,9,2.4,0,1,3,0,999,999,0,0,1,4,0,2,0,0,"3",1,"21","11",999,1,1,"31","0"
"AE","2600","32","2","1","2",2,16,4,2,2,0,0,1,46,27,13,16.3,0,1,1,4,15,7,5,1,4,2,1,99,0,0,"3",1,"21","05",999,4,0,"","0"
"AE","2600","32","3","1","2",2,14,3,0,3,0,0,1,19,17,6,1.6,0,1,1,5,5,2,1,5,0,1,99,99,0,0,"3",4,"21","0506",999,0,4,"","0"
"AE","2600","32","4","1","2",2,17,4,1,2,0,0,6,39,33,9,10.3,1,1,2,2,9,5,1,1,0,1,0,1,0,0,"0",4,"9","05",999,4,4,"3106","2"
"AE","2600","32","5","1","2",2,12,4,1,2,0,0,3,39,33,10,10.2,3,1,2,2,12,5,1,3,0,1,0,2,0,0,"0",1,"8","05",999,0,0,"3104","2"
"AE","2600","32","6","1","2",2,16,0,0,0,0,0,6,30,20,5,3.1,3,2,6,3,11,4,1,5,0,1,0,2,0,0,"0",2,"7","0506",999,0,0,"0605","0"
"AE","2600","32","7","1","3",3,0,0,0,0,0,0,2,21,17,8,2.6,3,2,4,2,999,999,0,0,1,1,0,99,0,0,"0",0,"8","01",999,1,1,"04","0"
"AE","2600","32","8","1","2",3,17,0,1,2,0,0,2,40,27,7,4.9,0,2,2,3,15,7,1,1,0,1,99,2,0,0,"0",1,"22","0506",999,0,0,"31","0"
"AE","2600","32","9","1","16",4,18,0,5,3,7,2,9,14,12,4,0.6,0,3,9,0,999,999,0,0,1,4,98,98,0,0,"0",0,"24","11",999,1,1,"","0"
"AE","2600","32","10","1","16",4,18,0,5,3,7,2,9,15,10,4,0.4,0,3,9,0,999,999,0,0,1,4,98,98,0,0,"0",0,"24","11",999,1,1,"","0"
"AE","2600","32","11","1","16",4,18,0,5,3,7,2,9,9,6,6,0.2,0,3,9,0,999,999,0,0,1,4,98,98,0,0,"0",0,"24","11",999,1,1,"","0"
"AE","2600","32","12","1","4",2,12,0,1,2,0,0,9,66,35,25,52.7,4,3,9,0,999,999,0,0,1,4,98,98,0,0,"0",0,"999","0605",999,1,1,"19","0"
"AE","2615","37","1","1","3",1,0,4,3,1,0,0,2,47,34,19,32,3,3,9,0,999,999,0,0,1,4,98,98,0,0,"0",0,"11","06",999,1,1,"0931","0"
"AE","2617","7","1","1","3",1,14,0,1,2,0,0,6,54,43,27,59.7,3,1,6,4,22,8,1,5,4,1,99,99,0,0,"0",0,"999","0605",999,0,0,"1910101116","0"
"AE","2652","7","1","1","2",2,17,0,0,0,0,0,6,38,26,9,11.1,1,1,4,3,999,999,0,0,1,1,0,2,0,0,"0",9,"8","0506",999,1,1,"3104111606","0"
"AE","2652","7","2","1","2",3,13,0,1,2,0,0,6,40,22,5,4.1,1,2,8,4,999,999,0,0,1,2,0,2,0,0,"0",1,"8","0506",999,1,1,"310431","2"
"AE","2704","14","1","1","2",2,12,3,1,2,0,0,2,29,27,7,5.2,3,1,2,3,11,6,1,4,0,1,99,99,0,0,"0",4,"9","0506",999,0,4,"06","0"
"AE","2704","22","1","1","3",1,17,0,0,0,0,0,1,21,19,6,2,0,1,1,2,998,998,1,999,0,1,0,99,0,0,"3",9,"21","0605",2,0,0,"","0"
"AE","2716","8","1","1","2",2,12,0,0,0,0,0,6,18,17,6,2,0,2,4,0,999,999,0,0,1,1,0,99,0,0,"0",0,"22","0506",999,1,1,"","0"
"AE","2724","19","1","1","2",2,0,4,0,2,0,0,1,46,38,14,20.1,0,1,1,5,39,14,1,3,4,3,0,0,0,0,"0",0,"21","05",999,4,0,"","0"
"AE","2724","19","2","1","3",1,0,2,0,1,0,0,3,24,21,9,4.7,3,1,6,2,13,10,1,1,0,2,0,1,0,0,"0",7,"7","06",999,0,0,"05","0"
"AE","2724","19","3","1","2",2,12,0,0,0,0,0,6,22,10,5,1.3,0,2,8,3,999,999,0,0,1,1,0,2,0,0,"0",0,"22","0506",999,1,1,"33","0"
"AE","2745","31","1","1","2",2,12,0,0,0,0,0,2,17,17,5,1.7,3,2,4,4,999,999,0,0,1,1,0,99,0,0,"0",1,"8","0506",999,1,1,"0431","0"
"AE","2881","7","1","1","16",2,16,0,1,2,0,0,3,31,28,7,7.3,0,2,2,6,8,3,1,1,0,1,99,2,0,0,"0",1,"22","0605",999,4,0,"31","0"
"AE","2926","8","1","1","2",2,12,0,0,0,0,0,6,14,13,4,0.8,0,2,4,3,999,999,0,0,1,1,0,99,0,0,"0",0,"22","0506",999,1,1,"","0"
"AE","2926","8","2","1","2",2,0,0,0,0,0,0,1,24,14,2,0.7,0,1,1,3,7,3,1,3,0,1,0,1,0,0,"3",0,"21","0506",999,0,0,"","0"
"AE","2926","19","1","1","3",3,0,0,0,0,0,0,2,32,13,5,2.5,0,2,2,3,8,4,1,5,0,1,0,3,0,0,"0",1,"22","0306",999,0,4,"","0"
"AE","2926","19","2","1","11",2,13,2,1,1,0,0,1,31,23,8,5.4,0,1,1,2,11,6,1,1,0,1,0,2,0,0,"3",9,"21","06",999,0,4,"31","0"
"AE","2926","19","3","1","2",3,13,0,0,0,0,0,6,29,21,6,3.9,3,2,8,4,999,999,0,0,1,1,0,1,0,0,"0",1,"3","0506",999,1,1,"0613","0"
"AE","3053","13","1","1","2",2,14,0,0,0,0,0,6,20,17,3,1.7,0,2,4,4,999,999,0,0,1,1,0,99,0,0,"0",1,"22","0506",999,1,1,"31","0"
"AE","3143","18","1","1","3",1,0,0,0,0,0,0,2,22,15,4,1.4,0,1,5,5,14,4,1,3,0,1,0,99,0,0,"3",0,"21","0605",999,0,0,"","0"
"AE","3290","15","1","1","2",2,0,0,0,0,0,0,2,30,20,6,4,0,2,2,3,10,5,1,3,0,1,0,3,0,0,"0",1,"22","0506",999,9,9,"31","0"
"AE","3296","7","1","1","3",2,17,0,0,0,0,0,2,69,22,8,11,3,2,2,4,10,5,1,3,0,1,99,3,0,0,"0",1,"8","0605",999,0,0,"313104","0"
"AE","3296","29","1","1","2",2,11,0,0,0,0,0,2,41,20,5,3.6,0,1,4,3,999,999,0,0,1,1,0,3,0,0,"0",1,"21","0506",999,1,1,"","0"
"AE","3296","36","1","1","2",2,0,4,3,2,0,0,6,39,18,6,3.6,0,1,8,1,999,999,0,0,1,2,0,99,0,0,"0",2,"21","05",999,1,1,"","0"
"AE","3296","40","1","1","3",1,0,0,0,0,0,0,6,13,9,3,0.3,0,2,4,0,999,999,0,0,1,1,0,99,0,0,"0",0,"22","0605",999,1,1,"","0"
"AE","3338","21","1","1","2",2,12,4,3,2,0,0,2,56,23,10,9.2,0,2,3,3,999,999,0,0,1,1,0,3,0,0,"7",4,"22","05",999,1,1,"","0"
"AE","3359","7","1","1","3",2,0,4,1,3,0,0,9,16,15,10,1.7,0,3,9,0,999,999,0,0,1,4,98,98,0,0,"0",0,"24","0206",999,1,1,"","0"
"AE","3359","7","2","1","2",2,0,0,0,0,0,0,1,21,16,1,0.4,0,1,1,4,8,2,1,999,0,1,98,98,0,0,"3",0,"21","0502",3,0,0,"","0"
"AE","3359","7","3","1","9",2,0,4,0,2,0,0,6,16,13,1,0.3,0,1,8,0,999,999,0,0,1,1,0,99,0,0,"0",9,"21","0306",999,1,1,"","0"
"AE","3359","7","4","1","3",3,12,0,0,0,0,0,6,24,20,4,1.7,0,1,8,3,999,999,0,0,1,1,0,1,0,0,"0",9,"21","0501",999,1,1,"","0"
"AE","3359","7","5","1","3",2,12,0,0,0,0,0,6,21,16,3,0.8,0,1,8,0,999,999,0,0,1,1,98,99,0,0,"0",0,"21","0501",999,1,1,"","0"
"AE","3359","7","6","1","16",4,0,3,0,3,7,2,6,18,14,4,0.8,0,1,7,0,999,999,0,0,1,1,98,98,0,0,"5",0,"21","11",999,1,1,"","0"
"AE","3360","24","1","1","3",1,0,0,0,0,0,0,2,16,14,3,0.7,0,2,2,3,4,2,1,3,0,1,99,99,0,0,"0",0,"22","0206",999,0,4,"","0"
"AE","3364","16","1","1","16",4,0,0,2,3,0,0,9,12,9,5,0.4,0,1,3,0,999,999,0,0,1,4,98,98,0,0,"3",0,"21","11",999,1,1,"","0"
"AE","3365","14","1","1","2",2,0,0,0,0,0,0,6,18,12,3,0.6,0,2,6,3,6,3,1,5,0,1,0,99,0,0,"0",0,"22","0502",999,0,4,"","0"
"AE","3365","16","1","1","2",2,0,2,0,1,0,0,1,18,14,5,0.7,0,1,1,3,998,998,1,999,0,1,99,99,0,0,"3",9,"21","06",3,4,0,"","0"
"AE","3365","60","1","1","4",2,13,4,0,2,0,0,2,25,22,9,3.4,0,1,2,3,998,998,1,999,0,2,0,1,0,0,"0",2,"21","0305",3,0,0,"","0"
"AE","3365","65","1","1","10",2,12,4,2,2,0,0,1,32,24,10,5.3,0,3,9,0,999,999,0,0,1,4,98,98,0,0,"0",9,"24","05",999,1,1,"","0"
"AE","3370","7","1","1","2",1,15,0,0,0,0,0,1,31,23,13,6.1,0,1,1,3,15,11,1,9,0,1,1,99,8,6,"3",1,"21","11",999,0,4,"","0"
"AE","3370","7","2","1","2",1,12,0,0,0,0,0,1,20,15,4,0.8,0,1,1,6,13,4,1,4,0,1,99,99,0,0,"5",1,"21","0502",999,0,4,"","0"
"AE","3370","7","3","1","2",1,0,0,0,0,0,0,2,19,10,2,0.3,0,1,4,0,999,999,0,0,1,1,98,98,0,0,"0",0,"21","0205",999,1,1,"","0"
"AE","3370","7","4","1","2",2,0,0,0,0,0,0,2,19,12,5,1,0,1,3,3,999,999,0,0,1,1,0,99,0,0,"3",7,"21","0506",999,1,1,"","0"
"AE","3370","7","5","1","2",2,0,4,0,2,0,0,1,11,6,2,0.1,0,1,1,3,4,2,1,3,0,2,0,99,0,0,"3",0,"21","05",999,0,0,"","0"
"AE","3370","7","6","1","2",2,0,0,0,0,0,0,2,15,10,2,0.2,0,1,3,4,999,999,0,0,1,1,0,99,0,0,"3",1,"21","0506",999,1,1,"","0"
"AE","3370","7","7","1","2",2,11,0,0,0,0,0,1,16,13,3,0.6,0,1,1,1,998,3,1,5,0,1,0,99,0,0,"3",0,"21","0506",999,0,0,"","0"
"AE","3370","7","8","1","2",2,0,0,0,0,0,0,3,13,10,2,0.2,0,2,4,1,999,999,0,0,1,1,0,99,0,0,"0",0,"22","0506",999,1,1,"","0"
"AE","3370","7","9","1","3",2,12,0,0,0,0,0,6,18,17,3,0.9,0,1,8,3,999,999,0,0,1,1,0,98,0,0,"0",0,"21","0605",999,1,1,"31","0"
"AE","3370","7","10","1","2",2,12,4,0,1,0,0,1,27,12,8,2.3,0,1,1,3,6,3,1,3,0,2,0,0,0,0,"3",0,"21","06",999,0,4,"","0"
"AE","3370","7","11","1","2",2,12,4,0,2,0,0,2,18,14,3,0.7,0,1,4,3,999,999,0,0,1,3,0,0,0,0,"0",0,"21","0506",999,1,1,"","0"
"AE","3370","7","12","1","10",2,12,4,0,2,0,0,1,16,10,3,0.6,0,1,1,1,7,3,1,3,0,1,99,99,0,0,"5",4,"21","0605",999,0,0,"","0"
"AE","3370","7","13","1","10",2,0,4,0,2,0,0,1,20,11,2,0.3,0,1,1,3,5,2,1,3,0,1,0,99,0,0,"3",1,"21","0605",999,0,0,"","0"
"AE","3370","7","14","1","3",2,12,0,0,0,0,0,6,15,10,2,0.2,0,1,8,0,999,999,0,0,1,1,98,98,0,0,"0",0,"21","0605",999,1,1,"","0"
"AE","3370","7","15","1","7",2,12,4,0,2,0,0,6,12,9,2,0.2,0,1,6,3,998,998,1,999,0,2,0,99,0,0,"0",0,"21","05",3,0,0,"","0"
"AE","3370","7","16","1","10",2,0,4,0,2,0,0,6,11,10,1,0.2,0,1,8,3,999,999,0,0,1,2,98,98,0,0,"0",0,"21","05",999,1,1,"","0"
"AE","3370","7","17","1","16",4,0,0,5,3,7,2,6,15,13,3,0.5,0,1,6,3,9,2,1,999,0,4,98,98,0,0,"0",0,"21","11",3,9,9,"","0"
"AE","3370","7","18","1","16",4,18,4,5,3,7,2,6,22,16,5,1.2,0,1,2,3,7,5,3,4,0,1,98,98,0,0,"0",0,"21","11",999,9,9,"","0"
"AE","3371","9","1","1","2",2,12,4,0,2,0,0,1,40,32,9,9.5,0,1,1,4,998,998,1,1,0,2,99,0,0,0,"3",0,"21","10",999,0,4,"","0"
"AE","3372","14","1","1","9",2,12,4,0,2,0,0,1,13,9,2,0.3,0,1,1,3,4,2,1,3,0,1,99,99,0,0,"3",1,"21","03",999,9,9,"","0"
"AE","3372","50","1","1","14",2,12,0,0,0,0,0,6,17,13,2,0.4,3,1,7,2,999,999,0,0,1,1,0,99,0,0,"0",0,"1","0605",999,1,1,"01","0"
"AE","3372","51","1","1","2",2,0,0,0,0,0,0,3,17,17,3,0.9,0,1,2,6,12,3,1,5,0,1,99,99,0,0,"0",1,"21","0506",999,0,0,"","0"
"AE","3372","54","1","1","2",2,0,0,0,0,0,0,6,23,16,3,1,3,1,8,0,999,999,0,0,1,1,0,99,0,0,"0",0,"1","0506",999,1,1,"01","0"
"AE","3372","55","1","1","3",2,12,0,0,0,0,0,6,25,14,3,1,3,2,8,3,999,999,0,0,1,1,0,99,0,0,"0",1,"1","0605",999,1,1,"01","0"
"AE","3375","21","1","1","16",4,18,4,5,3,7,2,6,19,15,5,1,0,1,8,0,999,999,0,0,1,2,98,98,0,0,"0",0,"21","11",999,1,1,"","0"
"AE","3376","12","1","1","3",3,13,4,0,2,0,0,1,30,25,6,3.7,0,1,1,1,20,6,1,5,0,1,1,2,0,0,"5",1,"21","05",999,4,4,"","0"
"AE","3376","12","2","1","2",3,0,0,0,0,0,0,6,15,13,3,0.6,0,2,6,3,9,2,1,3,0,1,99,99,0,0,"0",1,"22","0506",999,0,4,"31","0"
"AE","3376","20","1","1","3",3,13,0,0,0,0,0,2,20,19,4,1.7,0,1,8,0,999,999,0,0,1,1,0,2,0,0,"0",0,"21","01",999,1,1,"31","0"
"AE","3376","44","1","1","10",1,12,0,1,2,0,0,2,29,15,2,0.9,0,1,3,3,999,999,0,0,1,1,98,99,0,0,"3",9,"21","0605",999,1,1,"","0"
"AE","3376","51","1","1","10",2,12,4,0,2,0,0,6,27,17,3,1.9,0,2,6,3,9,3,1,5,0,2,99,1,0,0,"0",1,"22","0306",999,0,4,"","0"
"AE","3377","16","1","1","2",2,17,0,0,0,0,0,1,38,23,5,3,0,1,1,4,998,998,1,999,0,1,1,1,0,0,"3",4,"21","0506",2,4,4,"","0"
"AE","3377","16","2","1","2",2,0,4,0,2,0,0,1,17,14,4,0.9,0,1,1,6,9,4,1,3,0,2,0,99,0,0,"5",1,"21","05",999,4,0,"","0"
"AE","3377","16","3","1","8",2,0,4,0,3,0,0,6,19,13,2,0.7,3,2,8,0,999,999,0,0,1,1,0,99,0,0,"0",0,"9","0306",999,1,1,"06","0"
"AE","3377","31","1","1","3",2,12,0,0,0,0,0,3,14,11,2,0.5,0,2,2,6,4,2,1,3,0,1,0,99,0,0,"0",1,"22","0605",999,9,9,"","0"
"AE","3385","11","1","1","3",1,0,2,3,1,0,0,2,35,27,8,6.1,0,1,6,4,8,4,1,9,9,2,0,99,0,0,"0",4,"21","06",999,9,4,"","0"
"AE","3407","41","1","1","2",2,13,0,0,0,0,0,6,21,15,3,0.9,1,1,8,0,999,999,0,0,1,1,0,99,0,0,"0",0,"1","0506",999,1,1,"01","0"
"AE","3409","35","1","1","2",2,0,4,2,3,0,0,2,28,14,5,1,0,2,2,3,7,6,1,1,0,1,1,1,0,0,"0",1,"22","0506",999,0,0,"3131","0"
"AE","3421","62","1","1","2",2,17,0,0,0,0,0,6,26,18,4,1.5,4,2,8,0,999,999,0,0,1,1,0,99,0,0,"0",0,"1","0506",999,1,1,"01","0"
"AE","3423","12","1","1","11",2,13,4,1,2,0,0,6,26,24,9,5.1,3,1,6,3,9,3,3,999,0,1,0,99,0,0,"0",0,"11","05",3,0,0,"0910","0"
"AE","3430","6","1","1","2",2,17,0,0,0,0,0,6,32,16,4,1.4,3,2,8,4,999,999,0,0,1,1,0,2,0,0,"0",1,"1","0506",999,1,1,"01","0"
"AE","3521","7","1","1","2",2,13,4,0,2,0,0,1,41,30,11,12.2,0,1,1,3,21,8,1,1,9,1,0,1,7,5,"3",1,"21","05",999,9,4,"","0"
"AE","3521","7","2","1","2",2,16,0,0,0,0,0,1,30,16,5,2,0,1,1,3,12,4,5,4,0,1,99,1,0,0,"3",1,"21","0506",999,0,0,"31","0"
"AE","3521","7","3","1","2",2,11,0,1,2,0,0,2,23,9,6,0.8,0,1,3,3,999,999,0,0,1,1,0,99,0,0,"5",0,"21","0506",999,1,1,"","0"
"AE","3521","11","1","1","2",2,13,4,0,2,0,0,6,47,36,15,23,2,1,6,2,7,3,1,3,0,1,98,98,6,2,"0",0,"9","05",999,4,0,"06","2"
"AE","3521","11","2","1","2",2,15,4,5,3,0,0,3,42,18,5,3.5,0,2,5,3,6,3,1,3,0,1,99,1,0,0,"3",1,"22","0506",999,0,4,"31","0"
"AE","3521","11","3","1","1",2,12,0,0,0,0,0,6,31,23,6,5.2,1,2,2,4,10,3,1,3,0,1,99,2,0,0,"0",3,"8","0506",999,0,4,"313104","0"
"AE","3521","38","1","1","2",2,11,0,0,0,0,0,2,15,10,6,0.8,0,1,2,5,6,6,1,5,0,1,0,99,0,0,"0",0,"21","0506",999,0,4,"","0"
"AE","3526","7","1","1","3",1,15,0,1,2,0,0,2,40,32,17,15.4,0,1,2,3,19,14,1,9,9,2,98,98,5,5,"0",9,"21","0605",999,9,9,"","0"
"AE","3526","7","2","1","3",2,17,0,0,0,0,0,6,25,18,8,3.7,3,2,8,4,999,999,0,0,1,1,0,3,0,0,"0",1,"9","0605",999,1,1,"0906","0"
"AE","3526","10","1","1","2",1,12,4,5,2,0,0,3,52,35,12,21.4,0,1,2,2,998,998,1,999,0,2,0,99,0,0,"0",0,"21","05",3,0,0,"","0"
"AE","3526","10","2","1","3",2,14,0,0,2,0,0,2,34,18,9,3.7,0,1,3,2,999,999,0,0,1,1,0,1,0,0,"3",0,"21","0605",999,1,1,"","0"
"AE","3526","10","3","1","10",2,14,0,0,0,0,0,2,12,10,3,0.3,0,1,3,6,999,999,0,0,1,1,0,99,0,0,"3",0,"21","0605",999,1,1,"","0"
"AE","3536","8","1","1","2",2,12,0,0,0,0,0,1,20,18,6,1.9,0,1,1,3,12,4,1,5,0,1,0,99,0,0,"5",1,"21","0506",999,0,0,"","0"
"AE","3536","16","1","1","2",2,12,4,1,2,0,0,1,46,26,8,7.4,0,1,1,3,10,5,3,3,0,1,0,1,6,2,"5",1,"21","05",999,0,4,"313131","0"
"AE","3567","15","1","1","3",2,17,4,0,2,0,0,6,29,20,8,3.3,0,2,7,2,999,999,0,0,1,1,0,2,0,0,"3",1,"22","05",999,1,1,"","0"
"AE","3567","15","2","1","10",2,11,0,1,2,0,0,2,25,20,3,1.5,0,1,3,4,999,999,0,0,1,1,0,99,0,0,"0",0,"21","0605",999,1,1,"31","0"
"AE","3567","15","3","1","2",2,17,0,1,1,0,0,3,21,20,7,3,0,2,2,6,7,2,1,999,0,1,0,99,0,0,"0",1,"22","06",3,0,0,"31","0"
"AE","3567","15","4","1","3",2,12,0,0,0,0,0,6,26,13,3,1.1,2,2,8,3,999,999,0,0,1,1,0,1,0,0,"0",0,"1","0605",999,1,1,"01","0"
"AE","3567","15","5","1","2",2,13,0,0,0,0,0,1,17,11,3,0.6,0,1,1,5,6,3,1,3,0,1,99,99,0,0,"5",1,"21","0506",999,0,0,"","0"
"AE","3567","15","6","1","11",2,0,0,1,2,0,0,6,30,15,5,2.2,3,1,8,5,999,999,0,0,1,2,0,2,0,0,"0",1,"7","0605",999,1,1,"05","0"
"AE","3567","20","1","1","2",2,12,0,0,0,0,0,3,23,16,5,1.6,0,1,4,6,999,999,0,0,1,1,0,99,0,0,"0",4,"21","0506",999,1,1,"","0"
"AE","3567","20","2","1","2",2,13,0,0,0,0,0,9,15,12,6,0.5,0,3,9,0,999,999,0,0,1,1,98,98,0,0,"0",0,"24","0506",999,1,1,"","0"
"AE","3567","20","3","1","3",2,13,0,0,0,0,0,3,16,9,3,0.5,0,1,3,6,999,999,0,0,1,1,0,99,0,0,"5",0,"21","0605",999,1,1,"","0"
"AE","3567","20","4","1","3",2,0,0,1,2,0,0,6,10,8,4,0.4,0,1,8,0,999,999,0,0,1,3,0,0,0,0,"0",0,"21","0605",999,1,1,"","0"
"AE","3567","20","5","1","3",3,0,2,0,1,0,0,1,20,15,4,0.9,0,1,1,2,15,4,1,3,0,1,0,99,0,0,"3",0,"21","06",999,0,4,"","0"
"AE","3567","27","1","1","3",2,0,3,0,3,0,0,3,22,11,6,1,0,1,2,6,13,6,1,5,0,1,0,99,0,0,"0",9,"21","0605",999,9,9,"","0"
"AE","3579","13","1","1","2",2,13,4,0,2,0,0,2,27,24,9,5.8,0,1,2,3,8,4,1,5,4,2,0,1,0,0,"0",1,"21","05",999,0,0,"31","0"
"AE","3616","6","1","1","2",2,0,2,0,1,0,0,6,14,14,7,1.3,4,1,8,3,999,999,0,0,1,1,98,98,0,0,"0",0,"7","06",999,1,1,"0531","0"
"AE","3653","22","1","1","3",1,13,4,0,2,0,0,6,46,24,20,16.9,3,3,9,0,999,999,0,0,1,4,98,98,0,0,"0",0,"11","0305",999,1,1,"09","0"
"AE","3653","48","1","1","16",4,18,4,0,2,7,2,9,38,26,23,13.2,0,3,9,0,999,999,0,0,1,4,98,98,0,0,"0",0,"24","11",999,1,1,"","0"
"AE","3669","25","1","1","4",2,17,0,1,2,0,0,1,48,20,5,4.3,0,2,1,4,9,5,1,3,0,1,0,3,0,0,"3",1,"22","0605",999,0,0,"31","0"
"AE","3669","62","1","1","3",1,12,0,1,2,0,0,1,23,13,2,0.6,0,1,1,3,10,1,3,999,0,2,0,99,0,0,"5",1,"21","0605",3,0,0,"","0"
"AE","3669","76","1","1","3",2,0,2,0,1,0,0,6,26,14,5,1.5,0,1,8,1,999,999,0,0,1,1,0,99,0,0,"0",0,"21","06",999,1,1,"","0"
"AE","3687","11","1","1","10",2,11,0,0,0,0,0,6,23,14,2,0.6,3,1,8,1,999,999,0,0,1,1,0,1,0,0,"0",0,"1","0605",999,1,1,"01","0"
"AE","3907","4","1","1","3",2,0,0,0,0,0,0,2,16,15,3,1.1,0,2,4,3,999,999,0,0,1,1,0,99,0,0,"0",1,"22","0605",999,1,1,"","0"
"AE","3940","23","1","1","2",2,13,4,2,2,0,0,1,72,62,27,105.9,0,1,1,5,41,19,1,1,9,2,99,1,4,3,"3",7,"21","10",999,0,0,"","0"
"AE","3941","42","1","1","10",2,0,3,1,2,0,0,6,20,14,3,0.8,1,1,8,0,999,999,0,0,1,4,0,0,0,0,"0",0,"1","0605",999,1,1,"01","0"
"AE","3941","43","1","1",NA,NA,0,NA,NA,NA,NA,7,NA,999,999,999,999,5,9,9,NA,NA,NA,6,NA,NA,NA,NA,NA,NA,NA,NA,NA,"1","03",999,NA,NA,"01","0"
"AE","3942","39","1","1","16",4,0,2,0,1,0,0,1,11,9,4,0.4,0,4,9,0,999,999,0,0,1,4,98,98,0,0,"0",0,"26","06",999,1,1,"","0"
"AE","3983","13","1","1","16",4,18,0,5,3,4,2,9,21,16,9,2.2,0,1,7,3,999,999,0,0,1,4,98,98,0,0,"9",0,"21","11",999,1,1,"","0"
"AE","4002","14","1","1","2",2,13,4,4,1,0,0,1,38,32,6,4.5,0,1,1,3,14,6,1,3,0,2,2,1,0,0,"3",1,"21","06",999,0,0,"","0"
"AE","4006","15","1","1","10",2,12,0,2,3,0,0,6,30,18,4,1.3,3,2,8,3,999,999,0,0,1,2,0,1,0,0,"0",1,"1","0605",999,1,1,"01","0"
"AE","4006","16","1","1","10",2,12,0,0,0,0,0,6,37,21,5,3.4,3,2,8,3,999,999,0,0,1,1,0,1,0,0,"0",1,"1","0306",999,1,1,"01","0"
"AE","4006","17","1","1","11",2,0,0,0,0,0,0,6,30,19,4,1.9,3,1,8,0,999,999,0,0,1,1,0,1,0,0,"0",0,"1","0306",999,1,1,"01","0"
"AE","4219","7","1","1","3",2,17,0,0,0,0,0,2,28,18,6,3.6,0,2,4,3,999,999,0,0,1,1,0,3,0,0,"0",0,"22","0605",999,1,1,"","0"
"AE","4219","17","1","1","3",2,11,0,0,0,0,0,6,18,14,4,1.2,0,2,8,0,999,999,0,0,1,1,0,99,0,0,"0",0,"22","0605",999,1,1,"31","0"
"AE","4219","17","2","1","2",2,16,4,5,2,0,0,6,18,10,3,0.7,0,1,8,0,999,999,0,0,1,4,0,98,0,0,"0",0,"21","05",999,1,1,"","0"
"AE","4219","17","3","1","2",2,0,0,2,2,0,0,2,14,10,3,0.4,0,1,6,3,7,3,1,3,0,1,0,99,0,0,"0",0,"21","0506",999,0,0,"","0"
"AE","4219","17","4","1","2",3,13,0,0,0,8,0,6,20,17,6,1.8,0,2,8,6,999,999,0,0,1,1,0,99,0,0,"0",1,"22","0506",999,1,1,"31","0"
"AE","4219","17","5","1","16",4,18,0,5,3,4,4,6,21,14,4,0.7,2,1,8,0,999,999,0,0,1,4,0,98,0,0,"0",0,"1","11",999,1,1,"01","0"
"AE","4219","17","6","1","2",3,12,0,1,2,0,0,2,28,15,4,1.7,0,3,9,0,999,999,0,0,1,4,98,98,0,0,"0",0,"24","0506",999,1,1,"","0"
"AE","4219","17","7","1","2",3,12,0,1,2,0,0,2,35,14,5,1.5,0,3,9,0,999,999,0,0,1,1,98,98,0,0,"0",0,"24","0506",999,1,1,"","0"
"AE","4219","17","8","1","2",3,12,0,1,2,0,0,2,20,14,5,1.5,3,1,4,3,999,999,0,0,1,2,0,99,0,0,"0",2,"11","0506",999,1,1,"09","0"
"AE","4219","21","1","1","1",3,13,0,0,0,0,0,6,30,22,6,5.1,2,2,8,3,999,999,0,0,1,1,0,2,0,0,"0",1,"7","0506",999,1,1,"05060631","0"
"AE","4219","21","2","1","16",4,18,0,5,3,4,2,9,12,7,3,0.2,0,3,9,0,999,999,0,0,1,4,98,98,0,0,"0",0,"24","11",999,1,1,"","0"
"AE","4219","21","3","1","3",2,0,0,0,0,0,0,6,13,6,2,0.2,0,1,8,0,999,999,0,0,1,1,0,98,0,0,"0",0,"21","0605",999,1,1,"","0"
"AE","4221","13","1","1","16",4,0,0,0,0,8,5,3,24,19,6,2.5,4,2,8,1,999,999,0,0,1,1,0,99,0,0,"0",1,"22","11",999,1,1,"3110","0"
"AE","4221","13","2","1","2",2,13,0,0,0,0,0,3,16,12,4,0.5,0,1,3,6,999,999,0,0,1,1,99,99,0,0,"0",0,"21","0506",999,1,1,"","0"
"AE","4221","27","1","1","3",1,14,0,0,0,0,0,1,24,19,6,2.5,0,1,1,1,7,3,1,3,0,1,99,99,0,0,"5",1,"21","0605",999,0,4,"","0"
"AE","4221","27","2","1","3",2,0,0,0,2,0,0,9,15,14,3,0.7,0,3,9,0,999,999,0,0,1,4,98,98,0,0,"0",0,"24","0605",999,1,1,"","0"
"AE","4222","13","1","1","3",1,12,0,0,0,0,0,1,29,20,20,12.9,0,5,NA,NA,NA,NA,NA,NA,NA,1,NA,NA,NA,NA,NA,NA,"23","0605",999,NA,NA,"","0"
"AE","4222","30","1","1","3",3,12,4,0,2,0,0,6,23,20,6,3,0,2,6,3,13,4,1,999,0,1,0,2,0,0,"0",1,"22","01",3,9,4,"","0"
"AE","4225","8","1","1","2",3,13,0,0,0,0,0,6,30,13,6,2.6,3,2,8,4,999,999,0,0,1,1,0,2,8,6,"0",1,"8","0506",999,1,1,"0406","0"
"AE","4225","23","1","1","16",4,18,0,5,3,7,4,6,21,20,6,2.8,4,2,8,0,999,999,0,0,1,4,0,99,0,0,"0",0,"22","11",999,1,1,"","0"
"AE","4658","6","1","1","3",2,17,0,0,0,0,0,6,42,20,5,6.2,3,2,8,3,999,999,0,0,1,1,0,4,0,0,"0",1,"7","0306",999,1,1,"060605","0"
"AE","4658","12","1","1","2",2,12,0,5,2,0,0,2,32,28,11,8.6,0,1,2,4,14,7,1,4,0,4,99,99,0,0,"0",9,"21","0506",999,0,0,"","0"
"AE","4658","12","2","1","4",2,13,4,0,2,0,0,1,38,32,12,9.7,0,1,1,3,14,5,1,3,0,2,0,99,8,6,"5",1,"21","0305",999,4,4,"","0"
"AE","4658","12","3","1","3",2,12,4,0,2,0,0,6,33,27,6,5.5,0,1,4,3,999,999,0,0,1,2,99,0,0,0,"0",7,"21","0501",999,1,1,"","0"
"AE","4658","12","4","1","2",2,12,0,0,0,0,0,3,25,20,8,3.9,0,1,2,2,11,5,5,3,0,1,1,0,0,0,"0",7,"21","0506",999,0,4,"31","0"
"AE","4658","12","5","1","3",1,12,0,1,2,0,0,1,32,23,5,2.8,0,1,1,3,15,5,1,3,0,1,98,98,0,0,"0",0,"21","0605",999,9,9,"","0"
"AE","4658","12","6","1","2",2,17,0,0,2,0,0,9,25,14,8,2.6,0,3,9,0,999,999,0,0,1,4,98,98,0,0,"0",0,"24","0506",999,1,1,"","0"
"AE","4658","12","7","1","3",2,12,4,0,2,0,0,6,22,15,3,1.2,0,1,8,0,999,999,0,0,1,1,0,99,0,0,"0",1,"21","05",999,1,1,"","0"
"AE","4658","12","8","1","3",1,16,0,5,3,0,0,2,18,16,3,0.9,0,1,4,3,999,999,0,0,1,4,0,99,0,0,"0",3,"21","0605",999,1,1,"","0"
"AE","4658","12","9","1","2",2,0,0,0,0,0,0,9,21,11,5,1.1,0,3,9,0,999,999,0,0,1,1,98,98,0,0,"0",0,"24","0506",999,1,1,"","0"
"AE","4658","12","10","1","2",2,12,4,0,2,0,0,6,24,23,10,7.7,3,1,8,3,999,999,0,0,1,2,0,99,0,0,"0",0,"7","05",999,1,1,"3105093106","0"
"AE","4658","12","11","1","2",2,0,4,1,2,0,0,2,36,23,8,5.7,0,1,4,4,999,999,0,0,1,2,0,99,0,0,"0",0,"21","05",999,1,1,"31","0"
"AE","4658","12","12","1","2",2,12,0,0,0,0,0,2,22,18,2,1.6,0,2,2,3,13,4,1,3,0,1,0,2,0,0,"0",1,"22","0506",999,0,4,"3131","0"
"AE","4658","12","13","1","3",1,17,0,0,0,0,0,2,38,22,7,4.5,3,1,2,3,16,5,1,5,0,1,99,1,8,6,"0",9,"7","0605",999,4,4,"05","0"
"AE","4658","25","1","1","10",2,12,0,1,1,0,0,6,34,20,8,5.5,3,1,8,3,999,999,0,0,1,2,0,1,0,0,"0",1,"7","06",999,1,1,"310509","2"
"AE","4658","53","1","1","3",1,12,0,0,0,0,0,1,18,15,5,0.9,0,1,1,4,6,5,1,5,0,1,0,99,0,0,"3",4,"21","0605",999,0,0,"","0"
"AE","4658","53","2","1","3",2,0,0,0,0,0,0,2,18,16,2,0.5,0,1,3,3,999,999,0,0,1,1,0,99,0,0,"3",1,"21","0605",999,1,1,"","0"
"AE","4658","53","3","1","3",1,0,4,0,2,0,0,2,29,24,10,4.9,0,1,2,3,23,10,3,4,0,2,0,0,8,6,"0",0,"21","05",999,9,4,"16","0"
"AE","4658","53","4","1","2",2,12,0,1,2,0,0,6,29,27,11,8.2,0,1,6,6,16,10,1,5,0,1,1,1,0,0,"0",1,"21","0506",999,4,4,"31","0"
"AE","4658","53","6","1","2",2,12,0,1,2,0,0,9,28,27,16,14.9,3,5,NA,NA,NA,NA,NA,NA,NA,NA,NA,NA,NA,NA,NA,NA,"11","0506",999,NA,NA,"0916","0"
"AE","4658","61","1","1","10",2,0,0,2,2,0,0,1,24,14,5,1.1,0,1,1,3,14,6,1,3,0,2,99,98,0,0,"3",1,"21","0605",999,9,9,"","0"
"AE","4658","61","2","1","4",1,0,0,2,2,0,0,6,20,16,4,1.6,0,1,7,2,999,999,0,0,1,3,0,0,0,0,"5",0,"21","0605",999,1,1,"","0"
"AE","4658","61","3","1","16",4,18,0,5,3,7,2,9,20,11,6,0.8,0,1,7,6,999,999,0,0,1,4,98,98,0,0,"5",0,"21","11",999,1,1,"","0"
"AE","4740","13","1","1","2",2,14,0,0,0,0,0,6,16,13,5,1,0,1,8,2,999,999,0,0,1,1,0,99,0,0,"0",0,"21","0506",999,1,1,"31","0"
"AE","4740","17","1","1","3",2,12,4,5,2,0,0,9,34,22,18,9.9,0,3,9,0,999,999,0,0,1,4,98,98,0,0,"0",0,"24","05",999,1,1,"31","0"
"AE","4740","108","1","1","2",2,14,0,0,0,0,0,2,44,16,8,5.8,0,2,4,4,999,999,0,0,1,1,0,3,0,0,"0",1,"22","0506",999,1,1,"31","0"
"AE","4740","108","2","1","2",2,12,0,1,2,0,0,2,48,14,5,3.6,0,2,4,4,999,999,0,0,1,1,0,3,0,0,"0",1,"22","0506",999,1,1,"313131","0"
"AE","4740","108","3","1","2",2,12,0,0,0,0,0,2,18,15,4,1,0,2,2,3,11,3,1,3,0,1,99,99,0,0,"0",1,"22","0105",999,0,4,"","0"
"AE","4740","108","4","1","16",1,0,2,2,1,0,0,9,16,11,7,1.4,0,3,9,0,999,999,0,0,1,4,98,98,0,0,"0",0,"25","11",999,1,1,"","0"
"AE","4740","130","1","1","3",1,14,0,0,0,0,0,3,25,21,7,3.5,0,1,2,5,16,5,1,3,0,1,98,98,0,0,"0",0,"21","0605",999,0,0,"","0"
"AE","4740","130","2","1","2",1,0,0,0,0,0,0,1,21,18,5,1.7,0,1,1,1,15,4,1,999,0,1,0,99,0,0,"5",0,"21","0605",3,4,4,"","0"
"AE","4740","130","3","1","2",2,12,4,0,3,0,0,9,44,42,41,103.6,3,3,9,0,999,999,0,0,1,4,98,98,0,0,"0",0,"19","0506",999,1,1,"15","0"
"AE","4740","130","4","1","2",2,13,3,0,2,0,0,9,50,40,32,93.8,3,5,9,0,999,999,0,0,1,4,98,98,0,0,"0",0,"19","0506",999,1,1,"15","0"
"AE","4740","132","1","1","2",2,17,0,0,0,0,0,1,43,31,8,8.9,0,1,1,6,17,6,1,4,0,1,99,2,8,6,"5",3,"21","0506",999,0,4,"","0"
"AE","4747","7","1","1","4",2,13,0,0,0,0,0,9,42,22,11,10.2,0,3,9,0,999,999,0,0,1,1,98,98,0,0,"0",0,"24","0605",999,1,1,"","0"
"AE","4747","16","1","1","2",2,17,0,0,0,0,0,2,40,22,6,5.5,0,2,3,4,999,999,0,0,1,1,0,3,0,0,"3",1,"22","0506",999,1,1,"313131","0"
"AE","4773","13","1","1","2",2,11,0,0,0,0,0,2,21,13,2,0.9,0,1,2,3,7,1,1,999,0,1,99,99,0,0,"0",0,"21","0506",3,0,0,"","0"
"AE","4773","13","2","1","2",2,0,3,2,1,0,0,3,24,17,6,2.5,0,1,3,6,999,999,0,0,1,3,0,0,0,0,"3",0,"21","06",999,1,1,"","0"
"AE","4773","13","3","1","16",4,0,2,2,1,0,0,9,23,19,10,4,0,4,9,0,999,999,0,0,1,4,98,98,0,0,"0",0,"26","11",999,1,1,"","0"
"AE","4773","22","1","1","2",2,13,4,0,2,0,0,6,33,28,7,4.3,0,1,7,3,999,999,0,0,1,1,0,1,0,0,"3",1,"21","05",999,1,1,"31","0"
"AE","4773","22","2","1","3",1,0,0,0,0,0,0,6,16,11,5,1,0,2,7,1,999,999,0,0,1,1,0,99,0,0,"3",0,"22","0605",999,1,1,"","0"
"AE","4773","40","1","1","3",2,12,0,0,0,0,0,6,35,25,7,6.5,3,2,6,3,7,3,1,3,0,1,0,3,0,0,"0",1,"8","0306",999,0,4,"31043109","2"
"AE","4773","46","1","1","16",4,18,0,5,3,7,4,7,27,17,6,3.1,3,2,4,3,999,999,0,0,1,4,0,3,0,0,"0",0,"8","11",999,1,1,"3104","2"
"AE","4775","25","1","1","3",2,12,0,0,0,0,0,3,24,20,6,3.1,0,2,2,6,10,6,1,3,0,1,99,99,0,0,"0",1,"22","0605",999,0,0,"31","0"
"AE","4828","25","1","1","2",2,16,0,5,0,0,0,2,38,28,8,7.5,0,1,3,3,999,999,0,0,1,1,0,3,0,0,"5",1,"21","0506",999,1,1,"31","0"
"AE","4829","6","1","1","16",4,18,0,5,3,7,2,6,26,19,4,2.6,0,2,8,3,999,999,0,0,1,4,0,2,0,0,"0",0,"22","11",999,1,1,"","0"
"AE","4830","6","1","1","2",2,12,0,0,0,0,0,1,32,15,5,2.3,0,2,1,4,12,4,1,3,4,1,1,0,3,1,"3",1,"22","0506",999,4,4,"","0"
"AE","4878","33","1","1","10",2,0,0,0,0,0,0,2,25,17,4,1.8,0,2,4,3,999,999,0,0,1,1,0,2,0,0,"0",1,"22","0306",999,1,1,"31","0"
"AE","4893","53","1","1","10",2,13,0,0,0,0,0,6,28,16,4,1.4,3,2,8,4,999,999,0,0,1,1,0,99,0,0,"0",0,"1","0605",999,1,1,"01","0"
"AE","4893","57","1","1","10",2,13,0,0,0,0,0,6,34,15,5,2.1,2,2,8,4,999,999,0,0,1,1,0,2,0,0,"0",1,"1","0605",999,1,1,"01","0"
"AE","4904","17","1","1",NA,NA,NA,NA,NA,NA,NA,7,NA,999,999,999,999,5,9,NA,NA,NA,NA,NA,NA,NA,NA,NA,NA,NA,NA,NA,NA,"1","05",999,NA,NA,"01","0"
"AE","4904","33","1","1","2",2,13,0,0,0,0,0,6,36,17,6,2.9,2,2,8,4,999,999,0,0,1,1,0,2,0,0,"0",1,"1","0506",999,1,1,"01","0"
"AE","4904","34","1","1","11",2,12,0,0,0,0,0,6,29,17,4,2,2,1,8,4,999,999,0,0,1,1,0,99,0,0,"0",9,"1","10",999,1,1,"01","0"
"AE","4913","30","1","1","2",2,14,0,0,0,0,0,6,34,14,4,1.7,4,2,8,3,999,999,0,0,1,1,0,3,0,0,"0",1,"1","0506",999,1,1,"01","0"
"AE","4925","88","1","1","16",4,0,2,2,1,0,0,9,17,9,5,0.7,0,3,9,0,999,999,0,0,1,4,98,98,0,0,"0",0,"25","11",999,1,1,"","0"
"AE","4929","54","1","1","2",2,16,0,0,0,0,0,6,27,18,5,1.7,3,1,8,0,999,999,0,0,1,1,0,99,0,0,"0",0,"1","0506",999,1,1,"01","0"
"AE","4950","21","1","1","3",1,11,0,0,0,0,0,2,30,17,2,1.1,0,1,2,3,5,2,1,3,0,1,0,2,0,0,"0",1,"21","0605",999,0,4,"","0"
"AE","4953","15","1","1","16",4,18,0,5,3,7,2,4,16,9,4,0.4,0,1,1,4,5,2,1,999,0,4,98,98,0,0,"3",0,"21","11",3,9,9,"","0"
"AE","4956","58","1","1","10",2,12,3,1,3,0,0,6,34,18,4,2.2,3,1,8,3,999,999,0,0,1,2,0,99,0,0,"0",0,"1","0605",999,1,1,"01","0"
"AE","4956","59","1","1","10",1,12,0,0,0,0,0,6,28,17,2,1.2,3,1,8,0,999,999,0,0,1,1,0,99,0,0,"0",0,"1","0605",999,1,1,"01","0"
"AE","4963","29","1","1","10",2,12,0,1,2,0,0,2,25,18,4,1.4,3,1,6,2,7,3,1,3,0,2,0,99,0,0,"0",0,"1","0605",999,0,4,"01","0"
"AE","4963","62","1","1","2",2,0,0,0,0,0,0,6,26,17,3,1.2,2,1,8,3,999,999,0,0,1,1,0,99,0,0,"0",7,"1","0506",999,1,1,"01","0"
"AE","5156","10","1","1","3",1,16,0,0,0,0,0,2,36,18,6,3.2,0,2,4,4,999,999,0,0,1,1,0,3,0,0,"0",1,"22","0605",999,1,1,"31","0"
"AE","5156","28","1","1","2",3,0,0,0,0,0,0,6,57,20,8,6.8,0,2,7,4,999,999,0,0,1,1,0,1,2,1,"3",1,"22","1002",999,1,1,"31","0"
"AE","5156","28","2","1","3",1,0,0,0,0,0,0,2,50,11,4,2.7,0,2,8,3,999,999,0,0,1,1,0,3,0,0,"0",1,"22","0605",999,1,1,"31","0"
"AE","5156","28","3","1","3",1,13,0,0,0,0,0,6,20,19,4,2.3,3,2,8,3,999,999,0,0,1,1,0,3,0,0,"0",1,"4","0605",999,1,1,"141231","2"
"AE","5156","28","4","1","2",2,0,4,0,2,0,0,3,27,20,6,2.8,3,1,5,2,6,5,1,3,0,1,1,99,0,0,"5",1,"9","05",999,0,4,"06","0"
"AE","5156","28","5","1","16",4,18,0,0,0,7,2,6,34,19,6,4,0,2,8,3,999,999,0,0,1,1,0,2,0,0,"0",0,"22","11",999,1,1,"31","0"
"AE","5156","28","6","1","2",2,13,4,1,2,0,0,1,35,27,9,6.8,0,1,1,4,5,4,1,3,0,1,2,0,0,0,"7",9,"21","05",999,0,4,"","0"
"AE","5156","28","7","1","3",2,16,0,0,0,0,0,2,29,25,7,4.8,0,2,2,2,13,7,1,5,0,1,0,1,0,0,"0",1,"22","0605",999,0,4,"","0"
"AE","5156","28","8","1","3",1,15,0,5,2,0,0,3,28,15,4,1.7,0,1,3,1,999,999,0,0,1,4,0,98,0,0,"3",0,"21","0605",999,1,1,"","0"
"AE","5156","28","9","1","3",2,17,0,0,0,0,0,3,13,12,3,0.6,0,2,4,3,999,999,0,0,1,1,0,99,0,0,"0",1,"22","0605",999,1,1,"","0"
"AE","5156","28","10","1","2",2,0,0,0,0,0,0,2,23,5,3,0.3,0,2,3,3,999,999,0,0,1,1,0,99,0,0,"3",0,"22","0506",999,1,1,"","0"
"AE","5156","28","11","1","3",2,0,0,0,0,0,0,1,11,8,2,0.1,0,1,1,1,998,998,1,999,0,1,98,98,0,0,"3",0,"21","0605",2,0,4,"","0"
"AE","5156","33","1","1","2",2,16,0,0,0,0,0,6,60,16,6,5.9,3,2,6,3,10,5,1,5,0,1,0,2,0,0,"0",1,"2","0506",999,0,4,"3102","2"
"AE","5156","35","1","1","3",1,12,0,5,2,0,0,2,34,17,7,4.1,3,2,2,3,11,6,1,5,0,4,0,2,0,0,"0",1,"8","0605",999,0,4,"3104","2"
"AE","5160","12","1","1","1",2,12,0,0,0,0,0,6,25,16,4,1.7,0,1,8,0,999,999,0,0,1,1,98,98,0,0,"0",0,"21","0506",999,1,1,"","0"
"AE","5170","39","1","1","2",2,13,4,0,2,0,0,2,36,24,6,5.5,0,1,2,3,13,5,1,5,0,1,0,1,0,0,"0",4,"21","05",999,0,4,"3131","0"
"AE","5170","39","2","1","2",2,13,0,0,0,0,0,9,28,14,6,2,0,3,9,0,999,999,0,0,1,1,98,98,8,6,"0",0,"24","0506",999,1,1,"31","0"
"AE","5300","21","1","1","2",2,16,0,0,0,0,0,1,28,18,6,2.5,0,1,1,3,7,6,3,3,0,1,99,99,0,0,"3",1,"21","0506",999,0,0,"","0"
"AE","5300","21","2","1","16",4,18,0,5,3,7,2,9,17,15,3,0.6,0,3,9,0,999,999,0,0,1,4,98,98,0,0,"0",0,"24","11",999,1,1,"","0"
"AE","5413","12","1","1","2",2,17,4,1,2,0,0,1,58,46,17,37.3,0,1,1,2,19,10,1,5,0,2,99,2,5,3,"3",9,"21","05",999,9,9,"","0"
"AE","5413","13","1","1","10",2,12,0,0,0,0,0,2,35,18,5,3.4,0,2,4,3,999,999,0,0,1,1,99,3,0,0,"0",3,"22","0605",999,1,1,"3131","0"
"AE","5413","14","2","1","3",1,12,0,0,0,0,0,2,30,13,3,1.7,3,2,4,3,999,999,0,0,1,1,0,3,0,0,"0",1,"3","0605",999,1,1,"311312","2"
"AE","5413","29","1","1","16",4,18,0,5,3,0,0,6,20,15,4,0.9,2,1,8,0,999,999,0,0,1,4,98,98,0,0,"0",0,"1","11",999,1,1,"01","0"
"AE","5413","30","1","1","2",1,12,0,0,0,0,0,2,38,12,3,1.3,0,2,2,4,5,3,1,5,0,1,99,3,0,0,"0",1,"22","0605",999,0,4,"","0"
"AE","5413","31","1","1","3",2,13,0,1,2,0,0,3,38,21,4,3.3,3,1,5,4,11,5,1,1,4,1,99,1,0,0,"5",4,"9","0605",999,0,4,"06","0"
"AE","5413","51","1","1","2",1,14,0,1,2,0,0,6,63,27,6,12.5,0,2,8,4,999,999,0,0,1,1,0,3,0,0,"0",3,"22","0605",999,1,1,"31","0"
"AE","5413","52","1","1","11",2,13,0,0,0,0,0,6,22,13,4,1.2,0,2,6,3,7,3,1,3,0,1,1,1,0,0,"0",1,"22","0605",999,0,0,"31","0"
"AE","5413","53","1","1","2",1,17,0,0,0,0,0,6,66,23,5,7.3,3,2,6,4,10,4,4,3,0,1,0,2,0,0,"0",1,"3","0605",999,0,4,"1231133105","23B"
"AE","5413","54","1","1","3",1,17,0,0,0,0,0,2,58,21,7,10.3,3,2,8,4,999,999,0,0,1,1,0,3,0,0,"0",1,"3","0605",999,1,1,"1306","2"
"AE","5602","15","1","1","16",4,18,0,5,3,4,2,9,21,12,6,0.7,0,3,9,0,999,999,0,0,1,4,98,98,0,0,"0",0,"24","11",999,1,1,"","0"
"AE","5614","17","1","1","2",2,12,0,0,0,0,0,2,24,18,5,2.8,0,2,2,4,10,5,1,3,0,1,99,99,0,0,"0",1,"22","0506",999,0,4,"31","0"
"AE","5787","15","1","1","16",4,0,0,5,3,7,3,9,10,9,2,0.2,0,3,9,0,999,999,0,0,1,4,98,98,0,0,"0",0,"24","11",999,1,1,"","0"
"AE","5800","69","1","1","3",1,0,0,0,0,0,0,2,72,19,6,8.9,0,2,4,4,999,999,0,0,1,1,0,4,0,0,"0",1,"22","0306",999,1,1,"","0"
"AE","5800","74","1","1","2",2,13,0,0,0,0,0,2,43,26,6,6.9,3,2,2,3,8,4,1,3,0,1,99,2,0,0,"0",1,"3","0506",999,0,4,"311304","0"
"AE","5801","52","1","1","2",1,17,0,0,0,0,0,6,46,24,7,7.1,3,2,8,4,999,999,0,0,1,1,0,2,0,0,"0",1,"4","0605",999,1,1,"310431120931","22"
"AE","5801","53","1","1","2",3,0,0,0,0,0,0,2,40,20,4,3.6,0,2,4,3,999,999,0,0,1,1,0,4,0,0,"0",3,"22","07",999,1,1,"","0"
"AE","5825","6","1","1","2",2,17,0,0,0,0,0,6,40,20,3,1.8,3,1,8,3,999,999,0,0,1,1,0,1,0,0,"0",0,"1","0506",999,1,1,"01","0"
"AE","5825","30","1","1","2",2,17,0,0,0,0,0,6,21,15,4,1.3,4,1,8,5,999,999,0,0,1,1,98,98,0,0,"0",0,"1","0506",999,1,1,"01","0"
"AE","5825","31","1","1","2",2,0,4,1,2,0,0,6,24,15,2,0.8,3,1,8,3,999,999,0,0,1,2,0,98,0,0,"0",0,"1","05",999,1,1,"01","0"
"AE","5825","47","1","1","2",2,12,2,0,1,0,0,1,60,20,5,6.4,0,2,1,3,11,5,1,3,0,1,2,1,0,0,"3",1,"22","06",999,0,4,"3138","0"
"AE","5825","48","1","1","2",2,0,4,0,2,0,0,2,46,14,4,2.6,0,2,2,4,7,2,1,3,0,1,0,2,0,0,"0",1,"22","05",999,0,4,"31","0"
"AE","5857","15","1","1","8",2,0,0,0,0,0,0,2,9,9,2,0.1,0,1,3,3,999,999,0,0,1,1,0,99,0,0,"3",0,"21","0306",999,1,1,"","0"
"AE","5912","6","1","1","16",4,0,0,0,0,1,5,6,43,26,6,8.6,3,2,8,3,999,999,0,0,1,1,0,3,0,0,"0",0,"11","11",999,1,1,"090931","0"
"AE","5912","10","2","1","3",3,11,0,0,0,0,0,2,28,16,8,3.1,0,2,2,3,12,8,5,3,0,1,0,2,0,0,"0",0,"22","01",999,0,0,"31","0"
"AE","5912","24","1","1","3",2,12,0,0,0,0,0,6,34,24,5,4.9,3,2,8,3,999,999,0,0,1,1,0,2,0,0,"0",1,"8","0605",999,1,1,"043131","2"
"AE","5912","24","3","1","16",2,0,3,0,1,0,0,3,20,6,4,0.7,0,1,4,0,999,999,0,0,1,2,0,99,0,0,"0",0,"21","06",999,1,1,"","0"
"AE","5912","28","1","1","3",3,12,0,0,0,0,0,2,36,17,8,4.3,0,2,3,3,999,999,0,0,1,1,0,2,0,0,"7",2,"22","01",999,1,1,"31","2"
"AE","5912","28","2","1","4",2,0,0,1,2,0,0,6,32,17,5,2.9,0,1,8,6,999,999,0,0,1,1,0,1,0,0,"0",0,"21","0605",999,1,1,"","0"
"AE","5912","39","1","1","3",3,12,0,0,0,0,0,2,42,21,5,4.4,0,2,4,3,999,999,0,0,1,1,0,3,0,0,"0",1,"22","01",999,1,1,"31","0"
"AE","5912","39","2","1","16",4,18,0,0,0,0,0,2,15,11,4,0.7,0,2,4,0,999,999,0,0,1,1,0,99,0,0,"0",0,"22","11",999,1,1,"","0"
"AE","5912","39","3","1","4",2,0,0,0,0,0,0,2,24,14,7,2.6,0,2,4,4,999,999,0,0,1,1,0,2,0,0,"0",1,"22","0605",999,1,1,"","0"
"AE","5959","16","1","1","4",2,12,0,0,0,0,0,6,15,12,5,1,0,2,6,5,8,5,1,5,0,1,0,99,0,0,"0",0,"22","0605",999,9,9,"","0"
"AE","5960","8","1","1","16",4,18,4,0,3,0,0,2,26,19,6,3.9,0,2,4,4,999,999,0,0,1,1,0,2,0,0,"0",1,"22","0506",999,1,1,"3131","0"
"AE","5960","20","1","1","2",1,16,0,0,0,0,0,6,45,27,12,14.9,3,1,6,3,15,7,1,5,0,1,0,3,0,0,"0",1,"8","0605",999,9,4,"04060616","0"
"AE","5960","20","2","1","3",1,12,0,1,2,0,0,2,29,23,5,4.7,3,2,4,3,999,999,0,0,1,1,0,2,0,0,"0",1,"8","0605",999,1,1,"310431","2"
"AE","5960","20","3","1","3",3,12,0,0,0,0,0,2,43,17,4,3.7,0,2,2,4,7,2,1,5,0,1,99,3,0,0,"0",1,"22","0109",999,0,4,"313131","0"
"AE","5960","20","4","1","3",3,12,4,0,2,0,0,3,16,10,6,1,0,2,4,0,999,999,0,0,1,1,0,99,0,0,"0",0,"22","0106",999,1,1,"","0"
"AE","5960","32","1","1","3",2,12,4,5,2,0,0,6,43,20,7,7.2,3,2,8,4,999,999,0,0,1,1,0,2,0,0,"0",1,"9","0501",999,1,1,"100606","2"
"AE","5960","32","2","1","2",2,0,4,1,2,0,0,3,29,19,12,6.3,3,1,4,1,999,999,0,0,1,3,0,0,0,0,"0",0,"8","05",999,1,1,"3104","2"
"AE","5960","32","3","1","4",2,13,0,0,0,0,0,6,27,25,9,4.4,3,2,8,5,999,999,0,0,1,1,0,2,0,0,"0",1,"7","0605",999,1,1,"0605","0"
"AE","5960","32","4","1","2",3,12,0,0,0,0,0,1,19,12,5,1.1,0,1,1,3,6,3,2,9,0,1,99,99,0,0,"9",0,"21","01",999,0,0,"31","0"
"AE","5960","32","5","1","2",2,13,4,5,3,0,0,1,59,43,15,36.9,3,1,1,4,14,3,1,999,0,2,99,3,0,0,"3",6,"11","0506",3,0,4,"3109","0"
"AE","5960","32","6","1","16",4,18,0,5,3,7,2,9,30,29,17,17,0,5,9,0,999,999,0,0,1,4,98,98,0,0,"0",0,"23","11",999,1,1,"","0"
"AE","5960","32","7","1","3",3,12,0,0,0,0,0,2,28,16,4,1.7,0,2,3,4,999,999,0,0,1,1,0,1,2,1,"3",1,"22","01",999,1,1,"","0"
"AE","5960","32","8","1","2",2,16,3,0,3,0,0,6,19,9,2,0.4,0,1,8,0,999,999,0,0,1,1,0,99,0,0,"0",0,"21","0506",999,1,1,"","0"
