Siedlungsnr;Stelle;Positionsnr;Individualnr;Formblattnr;Rohmat1;Rohmat2;Rohmat_Farbe;Oberfl_art_Spaltfl;Strukturen_Material;Rinde;Nat_Fl;Nat_Fl_Abroll;Therm_Art;Therm_Zeit;Erhaltung_Rechteck;Länge;Breite;Dicke;Gewicht;Mod_Erhaltung;Grundform;Erhaltung_Schlagr;Schlagr_Verlauf;Schlagflrest_Länge;Schlagflrest_Breite;Schlagflrest_Erhaltung;Schlagflrest_Art;Schlagflrest_Schlagaugen;Rinde_natSprungfl;Negat_Bulbusnegat_Dorsal;Negat_Dorsal;Dorsalflpräp;Präpgrat_Verlauf;Distal_Zustand;Schlagm_Ventral;Dorsalflneg_Abbaur;Mod_Art_1;Mod_Art_2;Mod_Art_3;Mod_Art_4;Mod_Art_5;Mod_Art_6;Mod_Reihe_1;Mod_Reihe_2;Mod_Reihe_3;igerm1
AE;0015;045;002;01;05;06;02;2;3;0;0;0;0;0;2;17;16;5;1,6;3;2;4;2;999;999;0;0;0;0;0;0;0;0;0;0;0;12;04;  ;  ;  ;  ;2; ; ;04
AE;0030;013;001;01;06;05;03;1;7;0;0;0;0;0;2;33;12;3;1,2;0;2;4;3;999;999;0;0;0;0;0;2;0;0;0;0;0;31;  ;  ;  ;  ;  ; ; ; ;22
AE;0085;007;001;01;05;06;02;2;2;0;0;0;0;0;2;23;20;5;2;0;2;2;3;7;4;1;4;2;0;0;1;0;0;0;5;0;31;  ;  ;  ;  ;  ; ; ; ;22
AE;0097;019;001;01;06;;02;2;3;2;2;1;0;0;1;44;29;9;15,7;0;1;1;3;24;7;1;2;1;1;1;0;0;0;1;4;1;31;  ;  ;  ;  ;  ;0; ; ;21
AE;0097;025;001;01;06;;02;2;0;2;3;1;0;0;3;48;35;14;21,9;0;1;3;7;999;999;0;0;0;2;1;0;0;0;1;0;8;  ;  ;  ;  ;  ;  ;0; ; ;21
AE;0112;013;001;01;06;05;02;2;7;0;1;2;0;0;1;34;31;6;5,1;0;1;1;5;10;5;1;4;2;2;99;99;0;0;1;1;0;  ;  ;  ;  ;  ;  ;0; ; ;21
AE;0112;013;002;01;06;05;15;1;7;0;1;2;0;0;3;51;40;12;18,4;0;1;2;5;17;7;1;2;2;1;99;1;0;0;0;1;8;  ;  ;  ;  ;  ;  ;0; ; ;21
AE;0115;010;001;01;05;06;02;2;7;0;0;0;0;0;6;39;25;8;7,9;1;1;6;3;15;5;1;3;2;0;2;99;8;6;0;9;1;31;04;31;31;  ;  ;2; ; ;08
AE;0121;013;001;01;06;05;04;2;2;0;0;0;0;0;6;25;15;4;1,5;0;2;7;7;999;999;0;0;0;0;98;98;0;0;1;0;0;  ;  ;  ;  ;  ;  ;0; ; ;22
AE;0134;021;001;01;06;;07;2;3;4;1;1;0;0;1;37;17;4;2,7;0;1;1;5;14;4;1;2;2;1;1;99;1;3;1;9;1;  ;  ;  ;  ;  ;  ;0; ; ;21
AE;0135;020;001;01;06;05;04;2;3;0;0;0;0;0;1;25;20;6;2,7;0;1;1;6;10;5;1;1;2;0;99;99;0;0;2;5;8;  ;  ;  ;  ;  ;  ;0; ; ;21
AE;0145;021;001;01;06;05;16;4;8;0;2;2;0;0;2;24;21;3;2;0;2;3;3;999;999;0;0;0;1;0;99;0;0;1;0;0;  ;  ;  ;  ;  ;  ;0; ; ;22
AE;0145;021;002;01;03;06;11;2;1;4;0;3;0;0;1;29;17;6;3,3;0;1;1;5;8;5;1;2;2;1;99;99;0;0;2;3;8;  ;  ;  ;  ;  ;  ;0; ; ;21
AE;0159;007;002;01;06;;16;1;8;0;1;1;0;0;1;21;11;8;1,7;0;6;9;7;999;999;0;0;0;2;98;98;8;6;4; ; ;  ;  ;  ;  ;  ;  ;0; ; ;26
AE;0211;011;001;01;06;05;03;1;0;0;0;0;0;0;6;18;14;3;1,1;3;2;8;1;999;999;0;0;0;0;0;99;0;0;0;0;0;31;31;13;06;  ;  ;B;2; ;03
AE;0219;008;001;01;11;;16;4;8;0;5;3;7;2;2;19;15;5;1;0;2;4;7;999;999;0;0;0;4;98;98;8;6;0;0;0;  ;  ;  ;  ;  ;  ;0; ; ;22
AE;0228;015;001;01;11;;16;4;0;0;0;0;7;2;3;24;17;6;2,2;0;1;6;4;8;5;3;5;2;0;98;98;8;6;0;1;0;  ;  ;  ;  ;  ;  ;0; ; ;21
AE;0248;007;001;01;05;;02;2;3;4;1;2;0;0;6;38;33;16;24,4;3;1;8;1;999;999;0;0;0;2;0;99;0;0;0;0;0;31;06;  ;  ;  ;  ;2; ; ;09
AE;0250;010;001;01;01;;03;2;3;0;0;0;0;0;2;20;15;3;0,8;0;2;8;7;999;999;0;0;0;0;0;99;0;0;0;0;0;  ;  ;  ;  ;  ;  ;0; ; ;22
AE;0251;018;001;01;06;;02;2;2;2;0;1;0;0;6;28;14;3;1,4;0;2;7;7;999;999;0;0;0;2;0;1;0;0;1;0;1;31;  ;  ;  ;  ;  ;0; ; ;22
AE;0252;009;001;01;11;;16;4;8;0;0;0;7;2;2;23;18;5;2,9;0;2;4;3;999;999;0;0;0;0;98;98;0;0;0;0;0;  ;  ;  ;  ;  ;  ;0; ; ;22
AE;0253;008;001;01;11;;16;4;8;0;0;0;7;2;2;26;23;4;2,3;0;2;4;7;999;999;0;0;0;0;0;2;0;0;0;0;0;31;31;  ;  ;  ;  ;0; ; ;22
AE;0253;008;002;01;11;;16;4;8;0;0;0;7;2;2;23;22;5;2,9;0;2;4;7;999;999;0;0;0;0;0;2;0;0;0;0;0;31;  ;  ;  ;  ;  ;0; ; ;22
AE;0254;036;001;01;05;06;02;2;3;0;1;2;0;0;1;24;20;6;2,6;0;1;1;2;10;4;1;4;2;2;99;0;0;0;1;3;8;16;  ;  ;  ;  ;  ;0; ; ;21
AE;0282;013;001;01;05;;02;2;0;4;0;2;0;0;2;14;12;3;0,3;0;1;4;3;999;999;0;0;0;2;0;99;0;0;0;0;0;  ;  ;  ;  ;  ;  ;0; ; ;21
AE;0285;021;001;01;11;;16;2;3;4;5;3;7;2;9;57;44;36;117,4;0;9;9;7;999;999;0;0;0;4;98;98;0;0;0;0;0;  ;  ;  ;  ;  ;  ;0; ; ;29
AE;0285;049;001;01;05;06;02;2;3;0;0;0;0;0;2;48;15;6;4,5;2;2;6;4;6;3;1;1;2;0;99;3;0;0;0;3;1;13;31;  ;  ;  ;  ;2; ; ;03
AE;0285;049;002;01;06;05;15;2;1;0;1;2;8;5;1;26;20;5;2,4;0;1;1;3;7;3;1;1;2;2;98;98;0;0;1;9;0;  ;  ;  ;  ;  ;  ;0; ; ;21
AE;0285;049;003;01;06;;02;2;7;2;1;1;0;0;1;54;27;17;27,1;0;1;1;2;11;6;1;2;2;1;99;99;0;0;2;4;1;  ;  ;  ;  ;  ;  ;0; ; ;21
AE;0288;037;001;01;06;05;04;1;3;0;3;2;0;0;1;44;35;12;17,1;3;1;1;4;24;9;1;2;2;1;1;98;0;0;1;7;8;09;  ;  ;  ;  ;  ;0; ; ;11
AE;0340;017;001;01;03;06;03;1;3;0;0;0;0;0;2;38;27;5;8;3;2;4;3;999;999;0;0;0;0;0;3;0;0;0;0;3;31;31;38;05;  ;  ;0; ; ;07
AE;0340;029;001;01;11;;16;4;8;4;5;2;0;0;1;43;35;23;41;0;3; ; ;NA;NA; ; ; ; ;NA;NA; ; ; ; ; ;31;  ;  ;  ;  ;  ; ; ; ;23
AE;0340;038;001;01;05;;02;2;7;4;0;2;0;0;2;29;22;9;3,8;0;2;4;7;999;999;0;0;0;1;0;99;3;1;0;0;4;31;  ;  ;  ;  ;  ; ; ; ;22
AE;0348;013;001;01;05;06;02;2;3;0;0;0;0;0;1;31;29;8;6,9;0;1;1;3;10;4;1;3;1;0;2;0;0;0;1;1;1;  ;  ;  ;  ;  ;  ;0; ; ;21
AE;0348;013;002;01;05;06;02;2;3;0;0;0;0;0;6;19;14;2;0,5;0;1;8;7;999;999;0;0;0;0;98;98;0;0;0;0;0;31;  ;  ;  ;  ;  ; ; ; ;21
AE;0348;013;003;01;11;;16;4;8;0;5;3;5;5;9;19;13;6;0,9;0;1;8;7;999;999;0;0;0;4;98;98;0;0;0;0;0;  ;  ;  ;  ;  ;  ;0; ; ;21
AE;0348;013;004;01;03;06;10;2;1;0;0;0;0;0;6;29;19;3;1,3;1;1;8;3;999;999;0;0;0;0;98;98;0;0;0;0;0;01;  ;  ;  ;  ;  ; ; ; ;01
AE;0353;014;001;01;11;;16;4;8;0;5;0;4;2;6;17;16;7;1,7;0;1;6;6;10;4;2;1;3;0;98;98;0;0;0;9;0;  ;  ;  ;  ;  ;  ;0; ; ;21
AE;0384;015;001;01;05;06;02;2;3;0;0;0;0;0;2;27;21;5;2,7;0;2;2;4;5;3;1;1;2;0;0;2;0;0;0;3;1;31;  ;  ;  ;  ;  ;0; ; ;22
AE;0453;014;001;01;11;;16;4;0;0;5;3;4;2;6;18;15;4;1,1;0;2;8;7;999;999;0;0;0;4;0;0;0;0;0;0;0;  ;  ;  ;  ;  ;  ;0; ; ;22
AE;0463;017;001;01;11;;16;4;8;0;5;3;4;2;6;17;13;2;0,5;0;4;9;7;999;999;0;0;0;4;98;98;0;0;0;0;0;  ;  ;  ;  ;  ;  ;0; ; ;24
AE;0463;017;002;01;11;;16;4;0;0;5;3;4;2;6;10;7;2;0,2;0;4;9;7;999;999;0;0;0;4;98;98;0;0;0;0;0;  ;  ;  ;  ;  ;  ;0; ; ;24
AE;0463;017;003;01;11;;16;4;8;0;5;3;4;2;6;16;10;2;0,3;0;4;9;7;999;999;0;0;0;4;98;98;0;0;0;0;0;  ;  ;  ;  ;  ;  ;0; ; ;24
AE;0463;017;004;01;11;;16;4;8;3;5;3;7;2;9;26;25;5;2;4;1;6;7;999;999;6;5;3;4;98;98;8;6;0;1;0;  ;  ;  ;  ;  ;  ;0; ; ;21
AE;0463;017;005;01;11;;16;4;8;3;5;3;7;2;3;31;10;7;1,6;4;1;5;7;5;3;5;5;3;4;98;98;8;6;1;1;0;  ;  ;  ;  ;  ;  ;0; ; ;21
AE;0463;017;006;01;11;;16;4;8;3;5;3;7;2;9;33;26;7;4,2;4;1;6;7;11;6;5;5;3;4;98;98;8;6;0;7;0;  ;  ;  ;  ;  ;  ;0; ; ;21
AE;0463;017;007;01;11;;16;4;8;3;5;3;7;2;9;21;20;4;1,8;4;1;9;7;999;999;6;5;3;4;98;98;8;6;4;0;0;  ;  ;  ;  ;  ;  ;0; ; ;21
AE;0463;017;008;01;06;05;03;2;5;0;0;0;0;0;1;21;16;5;1,5;0;1;1;2;8;2;1;2;2;0;0;99;0;0;1;1;0;16;  ;  ;  ;  ;  ;0; ; ;21
AE;0463;017;009;01;05;06;02;2;2;0;0;0;0;0;2;34;14;3;1,9;0;2;4;7;999;999;0;0;0;0;0;3;0;0;0;0;1;31;31;  ;  ;  ;  ;0; ; ;22
AE;0464;020;001;01;06;05;03;2;5;4;0;3;0;0;6;56;34;17;33,7;0;1;6;1;17;6;1;2;2;1;1;2;0;0;0;1;3;16;31;  ;  ;  ;  ;0; ; ;21
AE;0494;043;001;01;11;;16;1;8;0;1;1;1;6;9;37;24;10;8;0;5;9;7;999;999;0;0;0;4;98;98;0;0;0;0;0;  ;  ;  ;  ;  ;  ;0; ; ;25
AE;0494;096;001;01;06;;11;2;0;2;3;1;0;0;9;12;9;5;0,6;0;5;9;7;999;999;0;0;0;4;98;98;0;0;0;0;0;  ;  ;  ;  ;  ;  ;0; ; ;25
AE;0495;074;001;01;01;03;03;3;0;0;0;0;0;0;6;30;16;4;1,4;3;1;9;4;999;999;0;0;0;0;0;99;0;0;0;0;0;01;  ;  ;  ;  ;  ;0; ; ;01
AE;0496;034;001;01;05;06;02;2;7;0;0;0;0;0;2;74;21;8;11,1;3;2;4;4;999;999;0;0;0;0;0;3;0;0;0;0;1;31;31;05;  ;  ;  ; ; ; ;07
AE;0505;017;001;01;06;05;10;2;2;0;0;0;0;0;6;28;12;3;1,2;3;1;8;7;999;999;0;0;0;0;0;98;0;0;0;0;0;01;  ;  ;  ;  ;  ;0; ; ;01
AE;0512;022;001;01;05;06;02;2;2;0;0;0;0;0;2;24;18;3;0,9;0;1;2;3;8;2;1;3;2;0;1;1;0;0;0;1;0;  ;  ;  ;  ;  ;  ;0; ; ;21
AE;0512;022;002;01;03;;09;2;0;4;0;2;0;0;1;18;18;2;0,7;0;1;1;3;10;3;1;1;2;1;0;99;0;0;1;1;0;  ;  ;  ;  ;  ;  ;0; ; ;21
AE;0524;032;001;01;06;05;03;2;2;0;0;0;0;0;1;33;20;6;3,4;0;1;1;1;25;6;1;1;2;0;99;98;0;0;1;4;0;  ;  ;  ;  ;  ;  ;0; ; ;21
AE;0530;025;001;01;06;;10;3;0;3;5;1;0;0;3;22;16;5;2,1;0;1;2;2;13;5;1;1;2;1;99;0;0;0;0;3;1;  ;  ;  ;  ;  ;  ;0; ; ;21
AE;0587;031;001;01;06;05;04;2;3;0;0;0;0;0;6;30;28;9;8,9;0;1;4;6;999;999;0;0;0;0;99;2;0;0;0;0;0;38;31;11;  ;  ;  ;2; ; ;21
AE;0600;014;001;01;05;06;01;3;0;0;0;0;0;0;3;21;12;5;1,2;0;1;6;7;5;4;5;3;2;0;99;99;0;0;0;1;0;  ;  ;  ;  ;  ;  ;0; ; ;21
AE;0676;015;001;01;06;05;11;2;0;0;0;0;0;0;1;12;9;1;0,2;0;1;9;3;5;1;1;6;2;0;98;98;0;0;1;3;0;31;  ;  ;  ;  ;  ;0; ; ;21
AE;0708;013;001;01;05;06;02;2;2;0;0;0;0;0;6;18;13;3;0,8;3;2;8;7;999;999;0;0;0;0;98;98;0;0;0;0;0;01;  ;  ;  ;  ;  ; ; ; ;01
AE;0708;014;001;01;03;06;10;2;0;4;0;2;0;0;6;26;15;4;1,3;3;1;8;7;999;999;0;0;0;2;0;0;0;0;0;0;0;01;  ;  ;  ;  ;  ;0; ; ;01
AE;0708;015;001;01;06;05;03;1;2;0;0;0;0;0;6;22;17;3;0,9;2;1;8;7;999;999;0;0;0;0;0;0;0;0;0;0;0;01;  ;  ;  ;  ;  ;0; ; ;01
AE;0708;020;001;01;10;;10;1;2;0;0;0;0;0;6;33;16;3;1,4;3;2;7;4;999;999;0;0;0;0;0;2;0;0;1;0;0;01;  ;  ;  ;  ;  ; ; ; ;01
AE;0708;026;001;01;05;06;02;2;7;0;0;0;0;0;6;32;18;4;1,8;3;1;8;7;999;999;0;0;0;0;0;0;0;0;0;0;0;01;  ;  ;  ;  ;  ;0; ; ;01
AE;0708;027;001;01;06;05;10;1;0;0;5;2;0;0;6;22;16;3;0,8;2;1;8;7;999;999;0;0;0;4;0;0;0;0;0;0;0;01;  ;  ;  ;  ;  ;0; ; ;01
AE;0708;028;001;01;06;05;10;2;6;0;1;2;0;0;6;22;17;3;1,2;4;1;8;7;999;999;0;0;0;1;0;0;0;0;0;0;0;01;  ;  ;  ;  ;  ;0; ; ;01
AE;0708;035;001;01;05;06;02;2;5;0;1;2;0;0;6;17;15;3;0,7;1;1;8;7;999;999;0;0;0;2;0;0;0;0;0;0;0;01;  ;  ;  ;  ;  ;0; ; ;01
AE;0716;011;001;01;05;;  ; ; ; ; ; ; ; ; ;999;999;999;999; ;1;9; ;NA;NA; ; ; ; ;NA;NA; ; ; ; ; ;01;  ;  ;  ;  ;  ; ; ; ;01
AE;0716;034;001;01;06;05;03;1;0;0;0;0;0;0;6;31;18;4;1,6;2;2;8;5;999;999;0;0;0;0;0;2;0;0;0;0;0;01;  ;  ;  ;  ;  ;0; ; ;01
AE;0821;020;001;01;05;06;02;2;0;0;0;0;0;0;3;22;19;4;1,9;0;2;4;2;999;999;0;0;0;0;0;99;0;0;0;0;4;31;  ;  ;  ;  ;  ;0; ; ;22
AE;0924;009;001;01;06;05;15;2;2;0;1;2;0;0;9;39;28;11;11,7;0;4;9;7;999;999;0;0;0;4;98;98;0;0;0;0;0;31;  ;  ;  ;  ;  ;0; ; ;24
AE;1041;007;001;01;06;;16;4;8;2;2;1;1;6;1;21;14;11;2,4;0;5;9;7;999;999;0;0;0;4;98;98;0;0;0;0;0;  ;  ;  ;  ;  ;  ;0; ; ;25
AE;1041;020;001;01;06;05;03;2;3;0;0;0;0;0;6;26;22;5;2,7;0;1;6;4;15;4;1;1;1;0;99;1;0;0;0;3;1;31;  ;  ;  ;  ;  ; ; ; ;21
AE;1084;006;001;01;06;05;10;2;5;0;0;0;0;0;2;20;18;5;1,5;0;2;2;3;7;4;1;4;2;0;0;99;0;0;0;3;4;  ;  ;  ;  ;  ;  ;0; ; ;22
AE;1096;006;001;01;05;;02;2;2;4;2;2;0;0;1;53;31;13;24,5;0;1;1;6;8;6;1;3;1;2;99;98;0;0;2;4;8;  ;  ;  ;  ;  ;  ;0; ; ;21
AE;1146;013;001;01;11;;16;4;8;0;0;0;2;2;6;28;20;5;3,5;0;2;2;4;9;4;3;4;2;0;2;1;0;0;0;9;0;  ;  ;  ;  ;  ;  ; ; ; ;22
AE;1146;021;001;01;06;05;03;2;5;0;0;0;0;0;6;46;39;11;17,2;3;1;8;7;999;999;0;0;0;0;99;2;6;5;0;0;8;05;31;  ;  ;  ;  ; ; ; ;07
AE;1180;015;001;01;06;05;03;2;3;0;1;2;0;0;1;53;40;9;14,5;0;1;1;1;9;5;1;1;2;2;99;99;0;0;1;1;0;31;  ;  ;  ;  ;  ;0; ; ;21
AE;1180;038;001;01;05;;02;2;3;4;2;2;0;0;1;67;26;18;23,1;0;1;1;4;20;13;1;1;1;1;99;0;1;3;0;3;7;31;  ;  ;  ;  ;  ; ; ; ;21
AE;1180;038;002;01;05;06;02;2;2;0;0;0;0;0;2;38;19;5;4;0;2;4;7;999;999;0;0;0;0;0;3;0;0;0;0;1;31;  ;  ;  ;  ;  ;0; ; ;22
AE;1185;013;001;01;05;06;01;2;7;0;1;2;0;0;1;34;17;11;6,1;0;1;1;4;4;3;1;5;2;1;99;1;6;2;2;9;0;31;  ;  ;  ;  ;  ; ; ; ;21
AE;1199;008;001;01;05;06;02;2;6;0;0;0;0;0;1;39;20;9;5,9;0;1;1;3;6;3;6;5;2;0;99;99;6;1;1;3;8;16;  ;  ;  ;  ;  ; ; ; ;21
AE;1199;010;001;01;03;06;09;2;3;0;1;0;0;0;6;40;11;8;3,3;3;2;8;7;999;999;0;0;0;0;99;1;0;0;0;0;4;31;02;11;  ;  ;  ;2; ; ;02
AE;1199;010;002;01;05;06;02;2;2;0;0;0;0;0;2;21;14;5;1,5;3;2;4;3;999;999;0;0;0;0;0;99;0;0;0;0;0;04;  ;  ;  ;  ;  ;0; ; ;08
AE;1199;041;001;01;06;05;03;2;3;0;0;0;0;0;2;39;29;7;7,6;3;2;6;3;12;6;1;1;2;0;2;1;0;0;0;3;1;06;  ;  ;  ;  ;  ;0; ; ;09
AE;1199;041;002;01;05;;02;2;1;4;0;2;0;0;6;27;18;6;2,7;0;1;2;2;12;6;3;1;2;1;0;1;0;0;0;3;8;  ;  ;  ;  ;  ;  ;0; ; ;21
AE;1199;041;003;01;01;09;02;3;0;0;0;0;0;0;6;27;13;3;0,9;3;2;8;7;999;999;0;0;0;0;0;2;0;0;0;0;0;01;  ;  ;  ;  ;  ;0; ; ;01
AE;1225;008;001;01;05;06;02;2;2;0;0;0;0;0;2;18;17;4;0,9;0;1;2;3;998;998;1;6;2;0;99;99;0;0;0;3;3;  ;  ;  ;  ;  ;  ;0; ; ;21
AE;1233;010;001;01;05;06;02;2;3;0;1;2;0;0;2;35;27;9;10,6;0;2;2;3;12;5;1;1;2;1;1;1;0;0;0;9;1;31;31;  ;  ;  ;  ;0; ; ;22
AE;1233;010;002;01;06;05;03;1;3;0;0;0;0;0;2;34;23;5;5,9;3;2;2;4;9;4;1;1;2;0;2;1;0;0;0;3;1;10;04;31;  ;  ;  ;2; ; ;08
AE;1233;025;001;01;05;06;02;2;7;4;0;3;0;0;2;24;16;4;1,9;3;2;4;7;999;999;0;0;0;1;0;99;0;0;0;0;1;14;12;  ;  ;  ;  ;2; ; ;04
AE;1236;013;001;01;05;06;02;2;6;0;2;2;0;0;2;32;29;8;7;3;1;2;2;7;3;1;1;2;2;0;99;0;0;0;3;8;31;06;  ;  ;  ;  ;2; ; ;09
AE;1253;020;001;01;05;06;02;2;7;0;1;2;0;0;2;82;53;45;284;3;3; ; ;NA;NA; ; ; ;0;NA;NA; ; ; ; ; ;15;  ;  ;  ;  ;  ; ; ; ;19
AE;1254;013;001;01;03;;07;2;0;0;0;0;0;0;6;30;22;6;3,9;1;2;6;4;7;3;1;3;2;0;99;2;0;0;0;9;1;31;04;31;31;  ;  ;2; ; ;08
AE;1268;025;001;01;05;;04;2;2;4;5;2;0;0;3;42;29;10;12,4;3;1;2;5;998;998;6;5;1;1;0;2;0;0;0;4;0;05;  ;  ;  ;  ;  ;0; ; ;07
AE;1295;007;001;01;03;05;03;2;0;4;0;2;0;0;3;31;17;6;3,5;0;1;3;7;999;999;0;0;0;3;0;0;0;0;4;0;0;  ;  ;  ;  ;  ;  ;0; ; ;21
AE;1295;015;001;01;05;06;02;3;2;0;0;0;0;0;3;22;20;6;3;2;1;2;6;8;5;1;3;2;0;99;99;0;0;0;3;0;04;  ;  ;  ;  ;  ;0; ; ;08
AE;1296;019;001;01;05;06;02;2;2;0;0;0;0;0;1;20;18;4;1,6;0;1;1;4;10;3;5;1;2;0;99;99;0;0;4;2;8;  ;  ;  ;  ;  ;  ;0; ; ;21
AE;1308;014;001;01;06;05;06;1;0;0;0;0;0;0;3;18;14;3;1;0;2;4;7;999;999;0;0;0;0;0;99;0;0;0;0;0;  ;  ;  ;  ;  ;  ;0; ; ;22
AE;1308;031;001;01;06;05;02;1;7;0;0;0;0;0;1;71;49;40;150,2;0;3; ; ;NA;NA; ; ; ;0;NA;NA; ; ; ; ; ;  ;  ;  ;  ;  ;  ; ; ; ;23
AE;1311;015;001;01;05;06;02;2;2;0;0;0;0;0;6;24;15;3;1,3;0;1;8;7;999;999;0;0;0;0;0;99;0;0;0;0;0;31;31;  ;  ;  ;  ;0; ; ;21
AE;1311;015;002;01;05;06;02;2;0;0;0;0;0;0;9;10;8;4;0,4;0;4;9;7;999;999;0;0;0;0;98;98;0;0;0;0;0;  ;  ;  ;  ;  ;  ;0; ; ;24
AE;1311;015;003;01;05;06;02;2;8;0;0;0;0;0;2;20;11;5;0,8;0;1;4;7;999;999;0;0;0;0;98;98;8;6;0;0;0;  ;  ;  ;  ;  ;  ; ; ; ;21
AE;1316;008;001;01;05;06;02;3;7;0;0;0;0;0;2;41;27;8;9,1;0;1;2;3;14;7;1;4;2;0;0;1;2;2;0;1;8;31;31;  ;  ;  ;  ;0; ; ;21
AE;1316;026;001;01;11;;16;4;8;0;0;3;4;2;6;15;13;3;0,6;0;1;8;7;999;999;0;0;0;4;98;98;0;0;0;0;0;  ;  ;  ;  ;  ;  ;0; ; ;21
AE;1317;009;001;01;11;;16;4;8;4;0;3;0;0;2;44;27;10;10,7;3;2;2;3;16;7;1;5;3;1;1;2;0;0;0;3;1;04;  ;  ;  ;  ;  ;0; ; ;08
AE;1317;009;002;01;06;05;03;2;4;0;0;0;0;0;2;34;18;6;3,8;3;2;2;3;7;4;1;1;2;0;1;99;0;0;0;1;1;31;04;  ;  ;  ;  ;2; ; ;08
AE;1317;009;003;01;05;01;03;3;6;4;0;2;0;0;6;39;31;9;13,3;3;1;8;7;999;999;0;0;0;1;0;2;0;0;0;0;0;31;04;31;04;  ;  ;2;2; ;08
AE;1317;009;004;01;06;05;03;2;5;0;1;2;0;0;1;34;25;7;5,6;0;1;1;4;11;4;1;5;3;2;99;99;0;0;2;4;8;31;16;  ;  ;  ;  ;0; ; ;21
AE;1317;009;005;01;05;;10;2;0;4;0;2;0;0;1;37;22;7;5;0;1;1;4;998;998;1;7;2;2;99;98;0;0;1;4;0;  ;  ;  ;  ;  ;  ;0; ; ;21
AE;1317;009;006;01;05;;10;2;0;4;0;2;0;0;1;22;14;3;1;0;1;1;3;7;2;5;1;2;1;99;99;0;0;1;3;0;  ;  ;  ;  ;  ;  ;0; ; ;21
AE;1317;009;007;01;06;05;10;2;0;4;2;3;0;0;2;15;12;3;0,4;0;1;9;7;9;3;1;4;2;3;0;0;0;0;0;9;0;  ;  ;  ;  ;  ;  ;0; ; ;21
AE;1317;009;008;01;06;05;03;1;2;0;0;0;0;0;1;32;27;10;8,1;0;1;1;5;998;998;1;6;2;0;0;1;5;3;1;6;0;  ;  ;  ;  ;  ;  ;0; ; ;21
AE;1317;009;009;01;06;05;02;1;2;0;0;0;0;0;1;26;23;5;2,7;0;1;1;4;17;6;1;1;2;0;99;1;0;0;1;4;4;  ;  ;  ;  ;  ;  ;0; ; ;21
AE;1317;009;010;01;06;05;02;1;3;0;0;0;0;0;3;23;20;8;3;0;1;2;6;18;4;1;6;2;0;99;0;8;0;0;3;0;  ;  ;  ;  ;  ;  ;0; ; ;21
AE;1317;009;011;01;05;06;02;2;3;0;0;0;0;0;1;43;37;24;41,6;0;3; ; ;NA;NA; ; ; ;0;NA;NA; ; ; ; ; ;  ;  ;  ;  ;  ;  ; ; ; ;23
AE;1317;032;001;01;05;06;02;2;6;0;0;0;0;0;1;29;23;6;4,1;0;1;1;5;10;5;3;4;2;0;1;99;0;0;1;8;8;  ;  ;  ;  ;  ;  ;0; ; ;21
AE;1317;032;002;01;05;06;02;2;6;0;1;2;0;0;2;30;22;8;4,8;0;2;4;7;999;999;0;0;0;1;0;2;0;0;0;0;1;31;  ;  ;  ;  ;  ;0; ; ;22
AE;1317;032;003;01;05;;10;2;0;4;0;2;0;0;2;20;14;6;0,9;0;1;3;7;999;999;0;0;0;2;98;98;0;0;1;0;0;  ;  ;  ;  ;  ;  ; ; ; ;21
AE;1317;041;001;01;05;06;02;2;3;0;0;0;0;0;1;24;17;4;1,3;0;1;1;2;4;3;5;1;2;0;0;99;0;0;1;1;0;  ;  ;  ;  ;  ;  ;0; ; ;21
AE;1317;041;002;01;05;06;02;2;0;0;0;0;0;0;1;13;13;2;0,2;0;1;1;3;5;1;1;6;2;0;98;98;0;0;1;7;0;  ;  ;  ;  ;  ;  ;0; ; ;21
AE;1317;043;001;01;05;06;02;3;2;0;0;0;0;0;2;35;25;6;4,4;0;1;2;4;14;5;1;3;2;0;1;1;0;0;0;1;1;  ;  ;  ;  ;  ;  ;0; ; ;21
AE;1317;043;002;01;05;;02;2;2;4;0;2;0;0;1;28;16;7;3,7;0;1;1;7;14;4;1;2;3;4;98;98;0;0;0;0;0;  ;  ;  ;  ;  ;  ;0; ; ;21
AE;1335;007;001;01;11;;16;4;8;0;5;3;7;2;9;21;20;8;2,1;0;1;9;7;999;999;0;0;0;4;98;98;0;0;4;0;0;  ;  ;  ;  ;  ;  ;0; ; ;21
AE;1335;020;001;01;05;;03;2;0;4;0;2;0;0;3;23;18;5;2,6;0;2;4;7;999;999;0;0;0;1;0;99;0;0;0;0;0;31;  ;  ;  ;  ;  ;0; ; ;22
AE;1335;020;002;01;11;;16;4;0;0;5;3;7;2;6;17;12;5;0,8;0;1;8;7;999;999;0;0;0;4;98;98;0;0;0;0;0;  ;  ;  ;  ;  ;  ;0; ; ;21
AE;1335;020;003;01;06;05;03;3;2;0;0;0;0;0;2;28;18;5;3,3;3;2;4;7;999;999;0;0;0;0;0;2;0;0;0;0;1;31;04;  ;  ;  ;  ;2; ; ;08
AE;1335;020;004;01;06;05;04;2;0;0;1;2;0;0;1;20;18;7;3;0;1;1;1;4;2;1;2;2;1;99;99;0;0;1;3;0;31;  ;  ;  ;  ;  ;0; ; ;21
AE;1335;020;005;01;05;06;02;2;2;0;0;0;0;0;2;44;26;8;10;3;2;4;7;999;999;0;0;0;0;0;4;0;0;0;0;1;09;31;13;10;04;  ;B;2;2;03
AE;1340;033;001;01;06;05;03;2;2;0;0;0;0;0;3;19;16;3;1,1;0;2;4;7;999;999;0;0;0;0;0;99;0;0;0;0;1;  ;  ;  ;  ;  ;  ;0; ; ;22
AE;1368;084;001;01;06;05;03;1;4;0;0;0;0;0;1;42;28;6;5,5;0;1;1;3;12;5;1;3;2;0;99;1;0;0;1;3;7;31;  ;  ;  ;  ;  ;0; ; ;21
AE;1368;236;001;01;06;;16;4;0;2;2;1;0;0;9;14;14;7;1,7;0;5;9;7;999;999;0;0;0;4;98;98;0;0;0;0;0;  ;  ;  ;  ;  ;  ;0; ; ;25
AE;1368;269;001;01;06;05;10;2;0;0;1;2;0;0;6;37;27;8;7,9;0;1;6;4;7;3;3;4;2;2;99;99;0;0;0;9;0;31;16;  ;  ;  ;  ;0; ; ;21
AE;1368;427;001;01;11;;16;4;0;0;0;0;0;0;2;24;17;4;1,7;0;2;4;7;999;999;0;0;0;0;0;2;0;0;0;0;0;31;  ;  ;  ;  ;  ;0; ; ;22
AE;1368;434;001;01;05;06;02;3;4;3;0;3;0;0;2;24;16;4;2;0;2;2;3;8;3;1;4;2;1;99;99;0;0;0;2;1;31;31;  ;  ;  ;  ;0; ; ;22
AE;1409;013;001;01;11;;16;4;8;0;5;3;7;4;2;71;25;6;9;3;2;4;7;999;999;0;0;0;4;0;3;0;0;0;0;0;31;05;12;  ;  ;  ;0; ; ;04
AE;1431;006;001;01;06;05;03;1;4;0;0;0;0;0;1;28;20;7;4,1;0;1;1;3;998;998;1;6;3;0;0;99;8;0;2;9;8;  ;  ;  ;  ;  ;  ;0; ; ;21
AE;1431;017;001;01;05;;02;2;0;4;0;2;0;0;3;20;9;6;1,2;0;1;3;7;999;999;0;0;0;2;0;99;0;0;2;0;1;  ;  ;  ;  ;  ;  ;0; ; ;21
AE;1451;007;001;01;06;05;11;2;0;0;1;2;0;0;6;44;25;6;5,5;0;2;7;7;999;999;0;0;0;2;0;1;0;0;4;0;1;31;31;  ;  ;  ;  ;0; ; ;22
AE;1530;021;001;01;05;06;02;3;2;0;0;0;0;0;2;26;21;7;4,1;0;2;4;7;999;999;0;0;0;0;0;99;0;0;0;0;1;31;31;  ;  ;  ;  ;0; ; ;22
AE;1599;007;001;01;01;;03;3;3;0;0;0;0;0;6;25;18;7;3,5;3;2;8;1;999;999;0;0;0;0;0;99;0;0;0;0;0;31;05;06;08;  ;  ;2; ; ;07
AE;1599;008;001;01;05;06;02;2;3;0;0;0;0;0;2;28;22;4;3;3;2;4;3;999;999;0;0;0;0;0;99;0;0;0;0;1;31;12;05;  ;  ;  ;B; ; ;04
AE;1599;013;001;01;11;;16;4;8;0;5;3;7;2;9;30;23;11;6;0;4;9;7;999;999;0;0;0;4;98;98;0;0;0;0;0;  ;  ;  ;  ;  ;  ;0; ; ;24
AE;1668;020;001;01;05;06;02;2;2;0;0;0;0;0;2;26;17;5;2,9;0;2;2;3;10;3;1;4;2;0;99;99;0;0;0;1;1;  ;  ;  ;  ;  ;  ;0; ; ;22
AE;1668;020;002;01;05;;02;3;7;4;0;2;0;0;1;59;51;27;54;3;1;1;3;28;8;1;2;2;1;1;1;5;3;3;5;8;31;06;31;  ;  ;  ;2; ; ;09
AE;1720;013;001;01;06;05;03;2;0;0;0;0;0;0;2;22;13;6;1,2;0;1;3;7;999;999;0;0;0;0;1;99;0;0;1;0;1;  ;  ;  ;  ;  ;  ;0; ; ;21
AE;1730;016;001;01;01;05;03;2;0;0;0;0;0;0;3;29;17;8;3,6;0;2;4;7;999;999;0;0;0;0;0;99;0;0;0;0;0;  ;  ;  ;  ;  ;  ;0; ; ;22
AE;1731;014;001;01;06;05;03;1;6;0;0;0;0;0;3;28;24;6;4,2;3;1;4;7;999;999;0;0;0;0;0;2;0;0;0;0;0;05;  ;  ;  ;  ;  ;0; ; ;07
AE;1731;014;002;01;11;;16;4;8;0;5;3;7;2;9;27;18;8;2,9;0;1;8;7;999;999;0;0;0;4;0;1;0;0;0;0;0;  ;  ;  ;  ;  ;  ;0; ; ;21
AE;1731;014;003;01;11;;16;4;8;3;5;3;4;5;6;13;10;5;0,4;0;1;7;7;999;999;0;0;0;4;98;98;0;0;1;0;0;  ;  ;  ;  ;  ;  ;0; ; ;21
AE;1739;016;001;01;05;06;02;2;3;0;0;0;0;0;1;35;27;6;4,8;1;1;2;3;8;5;5;1;2;0;0;2;0;0;0;9;1;05;31;  ;  ;  ;  ;0; ; ;07
AE;1774;017;001;01;03;06;03;1;2;0;0;0;0;0;1;39;30;10;11,1;3;1;1;3;21;10;1;3;2;0;0;2;0;0;1;1;0;05;  ;  ;  ;  ;  ;0; ; ;07
AE;1801;010;001;01;08;06;03;1;0;0;0;0;0;0;6;40;18;6;4,5;3;2;8;4;999;999;0;0;0;0;0;2;0;0;0;0;0;13;31;04;06;32;  ;2;B; ;03
AE;1801;026;001;01;05;;01;3;6;4;0;2;0;0;1;38;35;15;15,9;0;1;3;3;999;999;0;0;0;1;0;2;0;0;2;0;3;31;  ;  ;  ;  ;  ;0; ; ;21
AE;1801;026;002;01;05;06;02;3;7;0;0;0;0;0;1;55;24;19;19,3;0;1;1;3;998;998;1;4;2;0;1;99;2;3;3;3;8;  ;  ;  ;  ;  ;  ;0; ; ;21
AE;1801;026;003;01;05;06;02;2;0;3;0;1;0;0;6;36;22;6;5,6;0;2;4;7;999;999;0;0;0;2;0;2;0;0;0;0;0;31;  ;  ;  ;  ;  ;0; ; ;22
AE;1801;026;004;01;05;06;02;3;3;0;0;0;0;0;6;45;28;26;39;3;3; ; ;NA;NA; ; ; ;0;NA;NA; ; ; ; ; ;15;  ;  ;  ;  ;  ; ; ; ;19
AE;1858;028;001;01;05;;02;2;6;4;0;2;0;0;3;53;34;15;29;0;1;2;1;998;998;1;2;2;1;1;1;2;3;0;1;8;  ;  ;  ;  ;  ;  ;0; ; ;21
AE;1871;031;001;01;06;05;03;1;0;0;5;2;0;0;2;28;24;6;4,5;0;1;2;2;13;5;1;4;2;4;0;98;0;0;0;9;0;  ;  ;  ;  ;  ;  ;0; ; ;21
AE;1907;015;001;01;11;;16;2;3;0;1;2;1;4;6;25;18;6;2,8;2;2;4;7;999;999;0;0;0;2;0;1;0;0;0;0;1;02;06;31;  ;  ;  ; ; ; ;02
AE;1907;018;001;01;06;;07;2;0;4;2;1;0;0;1;42;11;7;3,2;0;2;1;4;7;4;1;3;2;1;0;99;0;0;3;9;1;  ;  ;  ;  ;  ;  ;0; ; ;22
AE;1907;018;002;01;05;06;02;2;6;0;0;0;0;0;3;30;21;6;3,7;0;1;3;7;999;999;0;0;0;0;0;1;0;0;1;0;0;31;  ;  ;  ;  ;  ;0; ; ;21
AE;1907;033;001;01;03;06;04;1;0;0;0;0;0;0;2;47;31;8;16;0;2;4;7;999;999;0;0;0;0;0;4;0;0;0;0;1;31;31;  ;  ;  ;  ;2; ; ;22
AE;1907;049;001;01;06;05;03;1;4;0;0;0;0;0;6;30;27;6;4,8;0;2;6;3;5;3;1;4;2;0;99;2;0;0;0;1;0;  ;  ;  ;  ;  ;  ;0; ; ;22
AE;1907;049;002;01;05;06;02;2;6;0;0;0;0;0;1;27;23;3;1,8;0;4;9;7;999;999;0;0;0;0;98;98;0;0;0;0;0;  ;  ;  ;  ;  ;  ;0; ; ;24
AE;1907;049;003;01;06;;02;2;0;3;0;1;0;0;6;25;13;6;2,2;0;1;6;2;8;3;1;1;2;2;99;0;0;0;0;1;8;  ;  ;  ;  ;  ;  ;0; ; ;21
AE;1907;049;004;01;06;;04;2;2;4;0;1;0;0;3;23;22;9;4,1;0;1;3;7;999;999;0;0;0;1;0;99;7;6;3;0;1;  ;  ;  ;  ;  ;  ;0; ; ;21
AE;1907;049;005;01;05;;02;3;0;4;0;2;0;0;6;22;20;6;3,3;3;2;3;3;999;999;0;0;0;1;0;99;0;0;2;0;1;31;06;31;09;31;  ;2;2; ;09
AE;1907;084;001;01;05;;03;1;4;4;0;2;0;0;1;47;28;7;6,9;0;1;1;3;14;7;1;3;2;1;1;1;0;0;1;1;4;31;31;  ;  ;  ;  ;0; ; ;21
AE;1907;084;002;01;05;;03;2;5;4;2;2;0;0;1;37;20;9;6,4;0;1;1;4;18;9;5;2;2;1;2;99;0;0;2;1;1;  ;  ;  ;  ;  ;  ;0; ; ;21
AE;1907;084;003;01;11;;02;2;0;0;0;0;6;2;9;34;27;5;4,3;0;2;6;4;12;2;1;1;2;0;99;98;0;0;0;7;0;  ;  ;  ;  ;  ;  ;0; ; ;22
AE;1907;084;004;01;05;06;02;3;7;0;0;0;0;0;6;28;22;6;4,2;3;2;2;3;10;6;1;3;2;0;1;2;0;0;0;4;1;31;06;31;  ;  ;  ;2; ; ;09
AE;1907;084;005;01;06;05;03;2;3;0;1;2;0;0;3;20;19;6;2,8;2;2;6;6;12;4;1;4;2;1;0;99;0;0;0;3;3;06;31;  ;  ;  ;  ;0; ; ;09
AE;1962;006;001;01;06;;02;2;6;4;0;1;0;0;2;41;17;4;2,7;0;2;4;4;999;999;0;0;0;1;0;2;8;6;0;0;0;  ;  ;  ;  ;  ;  ;0; ; ;22
AE;1967;014;001;01;11;;16;4;8;0;5;3;4;2;6;24;20;8;3,9;0;1;6;3;14;6;1;5;3;4;98;99;0;0;0;7;0;  ;  ;  ;  ;  ;  ;0; ; ;21
AE;1967;014;002;01;06;05;03;2;2;0;1;2;0;0;1;28;17;8;4,3;0;1;1;4;17;15;3;3;1;1;0;99;0;0;2;4;4;  ;  ;  ;  ;  ;  ;0; ; ;21
AE;1967;014;003;01;06;05;10;2;0;0;0;0;0;0;2;40;19;5;4,3;3;2;4;3;999;999;0;0;0;0;0;3;0;0;0;0;1;12;31;12;31;  ;  ;2;2; ;04
AE;1967;014;004;01;11;;16;4;0;0;5;3;4;4;6;22;14;4;1,1;4;2;8;7;999;999;0;0;0;4;98;98;0;0;0;0;0;01;  ;  ;  ;  ;  ;0; ; ;01
AE;1967;039;001;01;11;;16;4;0;0;5;3;7;4;9;36;28;10;11,1;4;1;6;3;998;998;6;5;2;4;98;98;0;0;0;7;0;04;  ;  ;  ;  ;  ;0; ; ;08
AE;1967;039;002;01;11;;16;4;8;0;5;3;7;2;9;12;10;5;0,4;0;5;9;7;999;999;0;0;0;4;98;98;0;0;0;0;0;  ;  ;  ;  ;  ;  ;0; ; ;25
AE;1967;039;003;01;11;;16;4;8;0;5;3;7;2;9;9;8;3;0,2;0;4;9;7;999;999;0;0;0;4;98;98;0;0;0;0;0;  ;  ;  ;  ;  ;  ; ; ; ;24
AE;1967;039;004;01;05;06;02;2;7;0;0;0;0;0;6;28;23;5;3,1;2;2;6;3;8;3;1;1;2;0;1;1;0;0;0;1;1;31;04;  ;  ;  ;  ;2; ; ;08
AE;1967;043;001;01;03;06;07;2;0;0;2;2;0;0;6;50;30;6;8,7;0;2;6;3;9;5;1;1;2;1;99;2;0;0;0;3;1;31;  ;  ;  ;  ;  ;0; ; ;22
AE;1976;006;001;01;05;06;02;3;7;0;1;3;0;0;6;66;13;7;6,6;3;2;8;3;999;999;0;0;0;1;0;3;0;0;0;0;1;06;31;31;31;44;38; ; ; ;09
AE;1978;006;001;01;05;06;01;3;7;0;0;0;0;0;2;44;16;6;5,7;3;2;6;4;9;5;1;1;2;0;0;3;0;0;0;9;1;06;31;31;38;  ;  ;0; ; ;09
AE;2001;024;001;01;03;;10;2;3;4;1;3;0;0;6;35;30;9;5,2;0;1;2;5;24;9;1;4;2;2;99;99;0;0;0;3;1;  ;  ;  ;  ;  ;  ;0; ; ;21
AE;2001;024;002;01;03;05;03;2;3;4;0;2;0;0;2;52;26;6;10,1;3;2;2;3;8;4;1;3;2;2;1;99;0;0;0;3;1;13;14;31;05;  ;  ;2;2; ;03
AE;2001;024;003;01;06;05;03;2;3;0;0;0;0;0;6;39;19;4;3,6;3;2;6;4;15;4;1;1;2;0;0;2;0;0;0;9;0;31;12;  ;  ;  ;  ; ; ; ;04
AE;2001;024;004;01;11;;16;4;8;0;5;3;4;4;6;33;26;7;5,1;1;2;8;7;999;999;0;0;0;4;98;98;0;0;0;0;0;04;  ;  ;  ;  ;  ;0; ; ;08
AE;2001;024;005;01;03;06;04;2;0;0;0;0;0;0;2;21;17;5;2,2;3;2;4;7;999;999;0;0;0;0;0;99;0;0;0;0;0;04;31;31;  ;  ;  ;0; ; ;08
AE;2001;024;006;01;11;;16;4;8;0;5;3;7;2;9;23;21;7;2,2;0;1;9;7;998;998;6;5;3;4;98;98;0;0;0;0;0;  ;  ;  ;  ;  ;  ; ; ; ;21
AE;2001;024;007;01;11;;16;4;8;0;5;3;7;2;9;19;15;5;2,3;0;1;8;7;999;999;0;0;0;4;98;98;0;0;0;0;0;  ;  ;  ;  ;  ;  ;0; ; ;21
AE;2004;013;001;01;06;;02;2;0;4;2;1;0;0;1;34;26;10;10;0;4;9;7;999;999;0;0;0;2;98;98;0;0;0;0;0;  ;  ;  ;  ;  ;  ;0; ; ;24
AE;2013;035;001;01;06;;10;2;0;4;0;1;0;0;6;32;26;7;4,3;0;2;2;2;16;5;1;3;2;2;0;99;0;0;0;3;8;  ;  ;  ;  ;  ;  ;0; ; ;22
AE;2033;006;001;01;06;05;03;2;2;0;0;0;0;0;2;35;27;12;9,7;0;4;9;7;999;999;0;0;0;4;98;98;0;0;0;0;0;31;  ;  ;  ;  ;  ; ; ; ;24
AE;2079;006;001;01;05;06;02;2;3;0;0;0;0;0;1;14;14;2;0,6;0;1;1;7;8;2;1;1;2;0;98;98;0;0;0;9;0;  ;  ;  ;  ;  ;  ;0; ; ;21
AE;2099;019;001;01;06;05;03;1;3;0;0;2;0;0;6;55;41;17;40,9;3;4;9;7;999;999;0;0;0;4;98;98;0;0;0;0;0;09;31;  ;  ;  ;  ;0; ; ;11
AE;2118;024;001;01;02;;11;1;0;4;1;2;0;0;1;32;20;7;4,6;0;1;1;1;17;6;1;4;2;2;0;99;0;0;2;3;0;  ;  ;  ;  ;  ;  ;0; ; ;21
AE;2180;014;001;01;11;;16;4;8;0;5;3;7;2;9;31;28;9;7,3;0;1;8;7;999;999;0;0;0;4;98;98;0;0;0;0;0;  ;  ;  ;  ;  ;  ;0; ; ;21
AE;2180;020;001;01;05;06;02;2;1;0;0;0;0;0;2;36;17;6;2,6;0;1;2;1;18;6;1;3;2;0;99;99;0;0;0;3;0;31;  ;  ;  ;  ;  ;0; ; ;21
AE;2180;020;002;01;05;06;02;2;6;0;0;0;0;0;6;20;17;3;1,3;2;2;8;3;999;999;0;0;0;0;0;99;0;0;0;0;0;01;  ;  ;  ;  ;  ;0; ; ;01
AE;2180;020;003;01;05;06;02;2;7;0;0;0;0;0;2;45;18;5;4;3;2;4;4;999;999;0;0;0;0;0;3;0;0;0;0;1;05;  ;  ;  ;  ;  ;0; ; ;07
AE;2180;020;004;01;06;05;04;2;0;0;0;0;0;0;2;22;14;4;1,1;0;2;2;3;8;4;3;1;2;0;1;99;0;0;0;9;0;  ;  ;  ;  ;  ;  ;0; ; ;22
AE;2180;020;005;01;11;;16;4;8;0;5;3;7;2;9;36;27;10;8;0;1;9;7;999;999;6;5;3;4;98;98;0;0;1;7;0;  ;  ;  ;  ;  ;  ;0; ; ;21
AE;2181;006;001;01;05;06;02;2;1;0;0;0;0;0;3;17;12;5;1,2;3;2;4;7;999;999;0;0;0;0;0;99;0;0;0;0;1;31;04;31;  ;  ;  ;2; ; ;08
AE;2194;006;001;01;05;06;02;2;0;0;0;0;0;0;1;35;24;5;3,4;0;1;1;3;9;4;1;1;1;0;0;1;0;0;1;3;0;  ;  ;  ;  ;  ;  ;0; ; ;21
AE;2225;006;001;01;06;05;04;2;6;0;1;3;0;0;1;42;20;18;15,1;4;1;1;4;14;4;1;6;2;1;99;3;0;0;2;3;1;31;09;  ;  ;  ;  ;0; ; ;11
AE;2225;018;001;01;11;;16;4;0;0;0;0;5;2;9;14;10;4;0,8;0;2;8;7;999;999;0;0;0;0;0;99;0;0;0;0;0;  ;  ;  ;  ;  ;  ;0; ; ;22
AE;2225;018;002;01;06;05;03;1;5;0;0;0;0;0;6;18;15;4;1,2;0;2;4;3;999;999;0;0;0;0;0;2;0;0;0;0;0;  ;  ;  ;  ;  ;  ;0; ; ;22
AE;2225;018;003;01;05;06;02;2;3;0;0;0;0;0;2;31;22;6;4,8;1;2;2;3;13;4;3;4;2;0;1;1;0;0;0;3;1;31;04;  ;  ;  ;  ;2; ; ;08
AE;2347;006;001;01;05;06;02;2;7;0;1;2;0;0;3;25;21;5;2,4;0;2;2;3;17;5;1;1;2;2;0;99;0;0;0;3;1;  ;  ;  ;  ;  ;  ;0; ; ;22
AE;2347;006;002;01;06;05;04;2;4;4;0;3;0;0;2;23;22;4;2,3;3;1;4;7;999;999;0;0;0;2;0;1;0;0;0;0;1;05;  ;  ;  ;  ;  ;0; ; ;07
AE;2350;015;001;01;11;;16;4;8;0;5;3;8;2;6;32;25;10;6,1;0;1;6;3;9;6;3;1;3;4;98;98;0;0;0;7;4;  ;  ;  ;  ;  ;  ;0; ; ;21
AE;2350;015;002;01;11;;16;4;8;0;5;3;7;2;6;24;15;3;1,4;0;1;7;7;999;999;0;0;0;4;98;98;0;0;1;0;0;  ;  ;  ;  ;  ;  ;0; ; ;21
AE;2412;017;001;01;11;;16;4;8;0;4;3;7;2;6;17;15;4;0,7;0;2;7;7;999;999;0;0;0;4;98;98;0;0;1;0;0;  ;  ;  ;  ;  ;  ;0; ; ;22
AE;2412;017;002;01;06;05;03;1;0;0;1;2;0;0;6;21;19;4;1,4;0;2;7;3;999;999;0;0;0;1;0;99;0;0;1;0;1;  ;  ;  ;  ;  ;  ;0; ; ;22
AE;2412;046;001;01;03;06;10;2;0;0;0;0;0;0;3;18;17;4;1,1;0;2;4;6;999;999;0;0;0;0;0;99;8;6;0;0;0;31;  ;  ;  ;  ;  ;0; ; ;22
AE;2412;046;002;01;06;05;03;1;0;0;0;0;0;0;1;18;13;6;1;0;1;5;5;998;998;5;6;2;0;98;98;0;0;1;9;0;  ;  ;  ;  ;  ;  ;0; ; ;21
AE;2435;008;001;01;05;;03;2;3;4;2;2;0;0;1;32;21;5;3;0;1;1;4;8;3;1;3;2;1;0;2;0;0;1;9;1;31;  ;  ;  ;  ;  ;0; ; ;21
AE;2435;014;001;01;06;05;03;1;0;0;0;0;0;0;1;29;17;6;2,4;0;1;1;4;11;5;1;1;2;0;0;1;0;0;1;3;7;  ;  ;  ;  ;  ;  ;0; ; ;21
AE;2437;006;001;01;05;;02;2;2;4;0;2;0;0;6;33;21;9;6,1;0;1;7;1;999;999;0;0;0;2;0;99;0;0;1;0;0;  ;  ;  ;  ;  ;  ;0; ; ;21
AE;2465;014;001;01;06;05;03;2;6;0;0;2;0;0;2;32;19;4;2,5;0;1;2;5;13;2;1;6;2;4;0;0;0;0;0;1;0;  ;  ;  ;  ;  ;  ;0; ; ;21
AE;2465;014;002;01;06;;08;2;0;2;2;1;0;0;6;35;25;9;8,4;3;6;9;7;999;999;0;0;0;4;98;98;0;0;0;0;0;09;  ;  ;  ;  ;  ; ; ; ;11
AE;2469;039;001;01;06;05;03;1;2;0;1;2;0;0;2;41;25;10;11,4;0;2;2;4;17;10;1;3;2;1;0;99;3;1;0;3;0;31;  ;  ;  ;  ;  ;0; ; ;22
AE;2493;013;001;01;03;06;03;2;3;0;1;2;0;0;2;46;40;10;18,1;3;1;2;6;25;8;1;1;2;2;0;1;0;0;0;1;1;31;04;  ;  ;  ;  ;2; ; ;08
AE;2559;009;001;01;05;06;02;2;2;0;0;0;0;0;6;34;20;6;3,4;0;1;6;5;12;5;1;1;2;0;0;1;0;0;0;3;8;  ;  ;  ;  ;  ;  ;0; ; ;21
AE;2569;011;001;01;05;06;02;2;2;0;0;0;0;0;2;41;36;12;20,4;3;1;4;4;999;999;0;0;0;0;0;99;0;0;0;0;3;16;09;05;  ;  ;  ;2;B; ;07
AE;2569;011;002;01;06;05;03;1;6;0;0;0;0;0;3;27;24;6;4,2;0;1;5;5;13;6;1;1;2;0;1;99;0;0;1;1;8;  ;  ;  ;  ;  ;  ;0; ; ;21
AE;2569;011;003;01;06;05;03;1;4;0;0;0;0;0;2;20;15;4;1,4;0;2;2;4;6;2;1;1;2;0;0;99;0;0;0;9;1;31;31;  ;  ;  ;  ; ; ; ;22
AE;2569;011;004;01;05;06;02;2;2;0;1;2;0;0;1;40;20;10;5,2;0;1;1;2;16;4;1;5;3;1;99;0;1;3;1;2;1;31;  ;  ;  ;  ;  ;0; ; ;21
AE;2569;011;005;01;06;;02;2;2;2;5;1;0;0;1;36;30;16;15,4;0;1;1;4;998;998;1;2;2;1;0;1;0;0;3;1;8;31;31;  ;  ;  ;  ;2; ; ;21
AE;2569;011;006;01;06;05;03;2;6;0;5;2;0;0;9;48;46;39;107,9;3;3; ; ;NA;NA; ; ; ; ;NA;NA; ; ; ; ; ;15;  ;  ;  ;  ;  ; ; ; ;19
AE;2575;019;001;01;05;06;02;2;4;0;0;0;0;0;1;15;9;2;0,2;0;1;1;4;6;2;1;6;2;0;0;99;0;0;1;7;1;  ;  ;  ;  ;  ;  ;0; ; ;21
AE;2588;006;001;01;06;;02;2;2;2;1;1;0;0;6;32;18;10;4,5;0;1;8;7;999;999;0;0;0;3;0;0;0;0;0;0;0;31;  ;  ;  ;  ;  ;0; ; ;21
AE;2600;007;001;01;05;06;02;2;7;0;0;0;0;0;2;45;39;8;9,6;0;1;4;2;999;999;0;0;0;0;99;1;0;0;0;0;8;  ;  ;  ;  ;  ;  ;0; ; ;21
AE;2600;007;002;01;06;05;03;1;0;0;0;0;0;0;6;27;20;7;3,3;0;1;6;2;11;4;1;1;3;0;98;98;0;0;0;1;0;  ;  ;  ;  ;  ;  ;0; ; ;21
AE;2600;007;003;01;06;05;03;2;8;4;1;3;0;0;9;60;58;57;293,3;3;4;9;7;999;999;0;0;0;4;98;98;0;0;0;0;0;15;  ;  ;  ;  ;  ;0; ; ;19
AE;2600;032;001;01;11;;16;2;0;0;5;3;5;5;2;25;14;9;2,4;0;1;3;7;999;999;0;0;0;4;0;2;0;0;1;0;1;31;  ;  ;  ;  ;  ;0; ; ;21
AE;2600;032;002;01;05;;02;2;6;4;2;2;0;0;1;46;27;13;16,3;0;1;1;4;15;7;5;2;1;2;1;99;0;0;1;2;1;  ;  ;  ;  ;  ;  ;0; ; ;21
AE;2600;032;003;01;05;06;02;2;4;3;0;3;0;0;1;19;17;6;1,6;0;1;1;5;5;2;1;4;2;1;99;99;0;0;1;3;4;  ;  ;  ;  ;  ;  ;0; ; ;21
AE;2600;032;004;01;05;;02;2;7;4;1;2;0;0;6;39;33;9;10,3;1;1;2;2;9;5;1;2;2;1;0;1;0;0;0;4;4;31;06;  ;  ;  ;  ;2; ; ;09
AE;2600;032;005;01;05;;02;2;2;4;1;2;0;0;3;39;33;10;10,2;3;1;2;2;12;5;1;1;2;1;0;2;0;0;0;1;1;31;04;  ;  ;  ;  ;2; ; ;08
AE;2600;032;006;01;05;06;02;2;6;0;0;0;0;0;6;30;20;5;3,1;3;2;6;3;11;4;1;4;2;0;0;2;0;0;0;1;2;06;05;  ;  ;  ;  ;0; ; ;07
AE;2600;032;007;01;01;;03;3;0;0;0;0;0;0;2;21;17;8;2,6;3;2;4;2;999;999;0;0;0;0;0;99;0;0;0;0;0;04;  ;  ;  ;  ;  ;0; ; ;08
AE;2600;032;008;01;05;06;02;3;7;0;1;2;0;0;2;40;27;7;4,9;0;2;2;3;15;7;1;2;2;1;99;2;0;0;0;1;1;31;  ;  ;  ;  ;  ;0; ; ;22
AE;2600;032;009;01;11;;16;4;8;0;5;3;7;2;9;14;12;4;0,6;0;4;9;7;999;999;0;0;0;4;98;98;0;0;0;0;0;  ;  ;  ;  ;  ;  ;0; ; ;24
AE;2600;032;010;01;11;;16;4;8;0;5;3;7;2;9;15;10;4;0,4;0;4;9;7;999;999;0;0;0;4;98;98;0;0;0;0;0;  ;  ;  ;  ;  ;  ;0; ; ;24
AE;2600;032;011;01;11;;16;4;8;0;5;3;7;2;9;9;6;6;0,2;0;4;9;7;999;999;0;0;0;4;98;98;0;0;0;0;0;  ;  ;  ;  ;  ;  ;0; ; ;24
AE;2600;032;012;01;06;05;04;2;2;0;1;2;0;0;9;66;35;25;52,7;4;4;9;7;999;999;0;0;0;4;98;98;0;0;0;0;0;19;  ;  ;  ;  ;  ;0; ; ;31
AE;2615;037;001;01;06;;03;1;0;4;3;1;0;0;2;47;34;19;32;3;4;9;7;999;999;0;0;0;4;98;98;0;0;0;0;0;09;31;  ;  ;  ;  ;0; ; ;11
AE;2617;007;001;01;06;05;03;1;4;0;1;2;0;0;6;54;43;27;59,7;3;1;6;4;22;8;1;4;1;1;99;99;0;0;0;1;0;19;10;10;11;16;  ;0; ; ;31
AE;2652;007;001;01;05;06;02;2;7;0;0;0;0;0;6;38;26;9;11,1;1;1;4;3;999;999;0;0;0;0;0;2;0;0;0;0;8;31;04;11;16;06;  ; ; ; ;08
AE;2652;007;002;01;05;06;02;3;3;0;1;2;0;0;6;40;22;5;4,1;1;2;8;4;999;999;0;0;0;2;0;2;0;0;0;0;1;31;04;31;  ;  ;  ;2; ; ;08
AE;2704;014;001;01;05;06;02;2;2;3;1;2;0;0;2;29;27;7;5,2;3;1;2;3;11;6;1;3;2;1;99;99;0;0;0;3;4;06;  ;  ;  ;  ;  ;0; ; ;09
AE;2704;022;001;01;06;05;03;1;7;0;0;0;0;0;1;21;19;6;2;0;1;1;2;998;998;1;7;2;0;0;99;0;0;1;1;8;  ;  ;  ;  ;  ;  ;0; ; ;21
AE;2716;008;001;01;05;06;02;2;2;0;0;0;0;0;6;18;17;6;2;0;2;4;7;999;999;0;0;0;0;0;99;0;0;0;0;0;  ;  ;  ;  ;  ;  ;0; ; ;22
AE;2724;019;001;01;05;;02;2;0;4;0;2;0;0;1;46;38;14;20,1;0;1;1;5;39;14;1;1;1;3;0;0;0;0;0;2;0;  ;  ;  ;  ;  ;  ;0; ; ;21
AE;2724;019;002;01;06;;03;1;0;2;0;1;0;0;3;24;21;9;4,7;3;1;6;2;13;10;1;2;2;2;0;1;0;0;0;1;7;05;  ;  ;  ;  ;  ; ; ; ;07
AE;2724;019;003;01;05;06;02;2;2;0;0;0;0;0;6;22;10;5;1,3;0;2;8;3;999;999;0;0;0;0;0;2;0;0;0;0;0;33;  ;  ;  ;  ;  ; ; ; ;22
AE;2745;031;001;01;05;06;02;2;2;0;0;0;0;0;2;17;17;5;1,7;3;2;4;4;999;999;0;0;0;0;0;99;0;0;0;0;1;04;31;  ;  ;  ;  ;0; ; ;08
AE;2881;007;001;01;06;05;16;2;6;0;1;2;0;0;3;31;28;7;7,3;0;2;2;6;8;3;1;2;2;1;99;2;0;0;0;2;1;31;  ;  ;  ;  ;  ;0; ; ;22
AE;2926;008;001;01;05;06;02;2;2;0;0;0;0;0;6;14;13;4;0,8;0;2;4;3;999;999;0;0;0;0;0;99;0;0;0;0;0;  ;  ;  ;  ;  ;  ;0; ; ;22
AE;2926;008;002;01;05;06;02;2;0;0;0;0;0;0;1;24;14;2;0,7;0;1;1;3;7;3;1;1;2;0;0;1;0;0;1;1;0;  ;  ;  ;  ;  ;  ;0; ; ;21
AE;2926;019;001;01;03;06;03;3;0;0;0;0;0;0;2;32;13;5;2,5;0;2;2;3;8;4;1;4;2;0;0;3;0;0;0;3;1;  ;  ;  ;  ;  ;  ;0; ; ;22
AE;2926;019;002;01;06;;11;2;3;2;1;1;0;0;1;31;23;8;5,4;0;1;1;2;11;6;1;2;2;1;0;2;0;0;1;3;8;31;  ;  ;  ;  ;  ;0; ; ;21
AE;2926;019;003;01;05;06;02;3;3;0;0;0;0;0;6;29;21;6;3,9;3;2;8;4;999;999;0;0;0;0;0;1;0;0;0;0;1;06;13;  ;  ;  ;  ;0; ; ;03
AE;3053;013;001;01;05;06;02;2;4;0;0;0;0;0;6;20;17;3;1,7;0;2;4;4;999;999;0;0;0;0;0;99;0;0;0;0;1;31;  ;  ;  ;  ;  ;0; ; ;22
AE;3143;018;001;01;06;05;03;1;0;0;0;0;0;0;2;22;15;4;1,4;0;1;5;5;14;4;1;1;2;0;0;99;0;0;1;1;0;  ;  ;  ;  ;  ;  ;0; ; ;21
AE;3290;015;001;01;05;06;02;2;0;0;0;0;0;0;2;30;20;6;4;0;2;2;3;10;5;1;1;2;0;0;3;0;0;0;9;1;31;  ;  ;  ;  ;  ;0; ; ;22
AE;3296;007;001;01;06;05;03;2;7;0;0;0;0;0;2;69;22;8;11;3;2;2;4;10;5;1;1;2;0;99;3;0;0;0;1;1;31;31;04;  ;  ;  ;0; ; ;08
AE;3296;029;001;01;05;06;02;2;1;0;0;0;0;0;2;41;20;5;3,6;0;1;4;3;999;999;0;0;0;0;0;3;0;0;0;0;1;  ;  ;  ;  ;  ;  ;0; ; ;21
AE;3296;036;001;01;05;;02;2;0;4;3;2;0;0;6;39;18;6;3,6;0;1;8;1;999;999;0;0;0;2;0;99;0;0;0;0;2;  ;  ;  ;  ;  ;  ;0; ; ;21
AE;3296;040;001;01;06;05;03;1;0;0;0;0;0;0;6;13;9;3;0,3;0;2;4;7;999;999;0;0;0;0;0;99;0;0;0;0;0;  ;  ;  ;  ;  ;  ;0; ; ;22
AE;3338;021;001;01;05;;02;2;2;4;3;2;0;0;2;56;23;10;9,2;0;2;3;3;999;999;0;0;0;1;0;3;0;0;3;0;4;  ;  ;  ;  ;  ;  ;0; ; ;22
AE;3359;007;001;01;02;06;03;2;0;4;1;3;0;0;9;16;15;10;1,7;0;4;9;7;999;999;0;0;0;4;98;98;0;0;0;0;0;  ;  ;  ;  ;  ;  ;0; ; ;24
AE;3359;007;002;01;05;02;02;2;0;0;0;0;0;0;1;21;16;1;0,4;0;1;1;4;8;2;1;6;2;0;98;98;0;0;1;1;0;  ;  ;  ;  ;  ;  ;0; ; ;21
AE;3359;007;003;01;03;06;09;2;0;4;0;2;0;0;6;16;13;1;0,3;0;1;8;7;999;999;0;0;0;1;0;99;0;0;0;0;8;  ;  ;  ;  ;  ;  ;0; ; ;21
AE;3359;007;004;01;05;01;03;3;2;0;0;0;0;0;6;24;20;4;1,7;0;1;8;3;999;999;0;0;0;0;0;1;0;0;0;0;8;  ;  ;  ;  ;  ;  ;0; ; ;21
AE;3359;007;005;01;05;01;03;2;2;0;0;0;0;0;6;21;16;3;0,8;0;1;8;7;999;999;0;0;0;0;98;99;0;0;0;0;0;  ;  ;  ;  ;  ;  ;0; ; ;21
AE;3359;007;006;01;11;;16;4;0;3;0;3;7;2;6;18;14;4;0,8;0;1;7;7;999;999;0;0;0;1;98;98;0;0;2;0;0;  ;  ;  ;  ;  ;  ;0; ; ;21
AE;3360;024;001;01;02;06;03;1;0;0;0;0;0;0;2;16;14;3;0,7;0;2;2;3;4;2;1;1;2;0;99;99;0;0;0;3;0;  ;  ;  ;  ;  ;  ;0; ; ;22
AE;3364;016;001;01;11;;16;4;0;0;2;3;0;0;9;12;9;5;0,4;0;1;3;7;999;999;0;0;0;4;98;98;0;0;1;0;0;  ;  ;  ;  ;  ;  ;0; ; ;21
AE;3365;014;001;01;05;02;02;2;0;0;0;0;0;0;6;18;12;3;0,6;0;2;6;3;6;3;1;4;2;0;0;99;0;0;0;3;0;  ;  ;  ;  ;  ;  ;0; ; ;22
AE;3365;016;001;01;06;;02;2;0;2;0;1;0;0;1;18;14;5;0,7;0;1;1;3;998;998;1;6;2;1;99;99;0;0;1;2;8;  ;  ;  ;  ;  ;  ;0; ; ;21
AE;3365;060;001;01;03;05;04;2;3;4;0;2;0;0;2;25;22;9;3,4;0;1;2;3;998;998;1;6;2;2;0;1;0;0;0;1;2;  ;  ;  ;  ;  ;  ;0; ; ;21
AE;3365;065;001;01;05;;10;2;2;4;2;2;0;0;1;32;24;10;5,3;0;4;9;7;999;999;0;0;0;4;98;98;0;0;0;0;8;  ;  ;  ;  ;  ;  ;0; ; ;24
AE;3370;007;001;01;11;;02;1;5;0;0;0;0;0;1;31;23;13;6,1;0;1;1;3;15;11;1;5;2;0;1;99;8;6;1;3;1;  ;  ;  ;  ;  ;  ;0; ; ;21
AE;3370;007;002;01;05;02;02;1;2;0;0;0;0;0;1;20;15;4;0,8;0;1;1;6;13;4;1;3;2;0;99;99;0;0;2;3;1;  ;  ;  ;  ;  ;  ;0; ; ;21
AE;3370;007;003;01;02;05;02;1;0;0;0;0;0;0;2;19;10;2;0,3;0;1;4;7;999;999;0;0;0;0;98;98;0;0;0;0;0;  ;  ;  ;  ;  ;  ;0; ; ;21
AE;3370;007;004;01;05;06;02;2;0;0;0;0;0;0;2;19;12;5;1;0;1;3;3;999;999;0;0;0;0;0;99;0;0;1;0;7;  ;  ;  ;  ;  ;  ;0; ; ;21
AE;3370;007;005;01;05;;02;2;0;4;0;2;0;0;1;11;6;2;0,1;0;1;1;3;4;2;1;1;2;2;0;99;0;0;1;1;0;  ;  ;  ;  ;  ;  ;0; ; ;21
AE;3370;007;006;01;05;06;02;2;0;0;0;0;0;0;2;15;10;2;0,2;0;1;3;4;999;999;0;0;0;0;0;99;0;0;1;0;1;  ;  ;  ;  ;  ;  ;0; ; ;21
AE;3370;007;007;01;05;06;02;2;1;0;0;0;0;0;1;16;13;3;0,6;0;1;1;1;998;3;1;4;2;0;0;99;0;0;1;1;0;  ;  ;  ;  ;  ;  ;0; ; ;21
AE;3370;007;008;01;05;06;02;2;0;0;0;0;0;0;3;13;10;2;0,2;0;2;4;1;999;999;0;0;0;0;0;99;0;0;0;0;0;  ;  ;  ;  ;  ;  ;0; ; ;22
AE;3370;007;009;01;06;05;03;2;2;0;0;0;0;0;6;18;17;3;0,9;0;1;8;3;999;999;0;0;0;0;0;98;0;0;0;0;0;31;  ;  ;  ;  ;  ;0; ; ;21
AE;3370;007;010;01;06;;02;2;2;4;0;1;0;0;1;27;12;8;2,3;0;1;1;3;6;3;1;1;2;2;0;0;0;0;1;3;0;  ;  ;  ;  ;  ;  ;0; ; ;21
AE;3370;007;011;01;05;06;02;2;2;4;0;2;0;0;2;18;14;3;0,7;0;1;4;3;999;999;0;0;0;3;0;0;0;0;0;0;0;  ;  ;  ;  ;  ;  ;0; ; ;21
AE;3370;007;012;01;06;05;10;2;2;4;0;2;0;0;1;16;10;3;0,6;0;1;1;1;7;3;1;1;2;1;99;99;0;0;2;1;4;  ;  ;  ;  ;  ;  ;0; ; ;21
AE;3370;007;013;01;06;05;10;2;0;4;0;2;0;0;1;20;11;2;0,3;0;1;1;3;5;2;1;1;2;1;0;99;0;0;1;1;1;  ;  ;  ;  ;  ;  ;0; ; ;21
AE;3370;007;014;01;06;05;03;2;2;0;0;0;0;0;6;15;10;2;0,2;0;1;8;7;999;999;0;0;0;0;98;98;0;0;0;0;0;  ;  ;  ;  ;  ;  ;0; ; ;21
AE;3370;007;015;01;05;;07;2;2;4;0;2;0;0;6;12;9;2;0,2;0;1;6;3;998;998;1;6;2;2;0;99;0;0;0;1;0;  ;  ;  ;  ;  ;  ;0; ; ;21
AE;3370;007;016;01;05;;10;2;0;4;0;2;0;0;6;11;10;1;0,2;0;1;8;3;999;999;0;0;0;2;98;98;0;0;0;0;0;  ;  ;  ;  ;  ;  ;0; ; ;21
AE;3370;007;017;01;11;;16;4;0;0;5;3;7;2;6;15;13;3;0,5;0;1;6;3;9;2;1;6;2;4;98;98;0;0;0;7;0;  ;  ;  ;  ;  ;  ;0; ; ;21
AE;3370;007;018;01;11;;16;4;8;4;5;3;7;2;6;22;16;5;1,2;0;1;2;3;7;5;3;3;2;1;98;98;0;0;0;7;0;  ;  ;  ;  ;  ;  ;0; ; ;21
AE;3371;009;001;01;10;;02;2;2;4;0;2;0;0;1;40;32;9;9,5;0;1;1;4;998;998;1;2;2;2;99;0;0;0;1;3;0;  ;  ;  ;  ;  ;  ;0; ; ;21
AE;3372;014;001;01;03;;09;2;2;4;0;2;0;0;1;13;9;2;0,3;0;1;1;3;4;2;1;1;2;1;99;99;0;0;1;9;1;  ;  ;  ;  ;  ;  ;0; ; ;21
AE;3372;050;001;01;06;05;14;2;2;0;0;0;0;0;6;17;13;2;0,4;3;1;7;2;999;999;0;0;0;0;0;99;0;0;0;0;0;01;  ;  ;  ;  ;  ;0; ; ;01
AE;3372;051;001;01;05;06;02;2;0;0;0;0;0;0;3;17;17;3;0,9;0;1;2;6;12;3;1;4;2;0;99;99;0;0;0;1;1;  ;  ;  ;  ;  ;  ;0; ; ;21
AE;3372;054;001;01;05;06;02;2;0;0;0;0;0;0;6;23;16;3;1;3;1;8;7;999;999;0;0;0;0;0;99;0;0;0;0;0;01;  ;  ;  ;  ;  ;0; ; ;01
AE;3372;055;001;01;06;05;03;2;2;0;0;0;0;0;6;25;14;3;1;3;2;8;3;999;999;0;0;0;0;0;99;0;0;0;0;1;01;  ;  ;  ;  ;  ;0; ; ;01
AE;3375;021;001;01;11;;16;4;8;4;5;3;7;2;6;19;15;5;1;0;1;8;7;999;999;0;0;0;2;98;98;0;0;0;0;0;  ;  ;  ;  ;  ;  ;0; ; ;21
AE;3376;012;001;01;05;;03;3;3;4;0;2;0;0;1;30;25;6;3,7;0;1;1;1;20;6;1;4;2;1;1;2;0;0;2;4;1;  ;  ;  ;  ;  ;  ;0; ; ;21
AE;3376;012;002;01;05;06;02;3;0;0;0;0;0;0;6;15;13;3;0,6;0;2;6;3;9;2;1;1;2;0;99;99;0;0;0;3;1;31;  ;  ;  ;  ;  ;0; ; ;22
AE;3376;020;001;01;01;;03;3;3;0;0;0;0;0;2;20;19;4;1,7;0;1;8;7;999;999;0;0;0;0;0;2;0;0;0;0;0;31;  ;  ;  ;  ;  ;0; ; ;21
AE;3376;044;001;01;06;05;10;1;2;0;1;2;0;0;2;29;15;2;0,9;0;1;3;3;999;999;0;0;0;1;98;99;0;0;1;0;8;  ;  ;  ;  ;  ;  ;0; ; ;21
AE;3376;051;001;01;03;06;10;2;2;4;0;2;0;0;6;27;17;3;1,9;0;2;6;3;9;3;1;4;2;2;99;1;0;0;0;3;1;  ;  ;  ;  ;  ;  ;0; ; ;22
AE;3377;016;001;01;05;06;02;2;7;0;0;0;0;0;1;38;23;5;3;0;1;1;4;998;998;1;7;2;0;1;1;0;0;1;4;4;  ;  ;  ;  ;  ;  ;0; ; ;21
AE;3377;016;002;01;05;;02;2;0;4;0;2;0;0;1;17;14;4;0,9;0;1;1;6;9;4;1;1;2;2;0;99;0;0;2;2;1;  ;  ;  ;  ;  ;  ;0; ; ;21
AE;3377;016;003;01;03;06;08;2;0;4;0;3;0;0;6;19;13;2;0,7;3;2;8;7;999;999;0;0;0;1;0;99;0;0;0;0;0;06;  ;  ;  ;  ;  ;0; ; ;09
AE;3377;031;001;01;06;05;03;2;2;0;0;0;0;0;3;14;11;2;0,5;0;2;2;6;4;2;1;1;2;0;0;99;0;0;0;9;1;  ;  ;  ;  ;  ;  ;0; ; ;22
AE;3385;011;001;01;06;;03;1;0;2;3;1;0;0;2;35;27;8;6,1;0;1;6;4;8;4;1;5;3;2;0;99;0;0;0;5;4;  ;  ;  ;  ;  ;  ;0; ; ;21
AE;3407;041;001;01;05;06;02;2;3;0;0;0;0;0;6;21;15;3;0,9;1;1;8;7;999;999;0;0;0;0;0;99;0;0;0;0;0;01;  ;  ;  ;  ;  ;0; ; ;01
AE;3409;035;001;01;05;06;02;2;0;4;2;3;0;0;2;28;14;5;1;0;2;2;3;7;6;1;2;2;1;1;1;0;0;0;1;1;31;31;  ;  ;  ;  ;0; ; ;22
AE;3421;062;001;01;05;06;02;2;7;0;0;0;0;0;6;26;18;4;1,5;4;2;8;7;999;999;0;0;0;0;0;99;0;0;0;0;0;01;  ;  ;  ;  ;  ;0; ; ;01
AE;3423;012;001;01;05;;11;2;3;4;1;2;0;0;6;26;24;9;5,1;3;1;6;3;9;3;3;6;2;1;0;99;0;0;0;1;0;09;10;  ;  ;  ;  ;0; ; ;11
AE;3430;006;001;01;05;06;02;2;7;0;0;0;0;0;6;32;16;4;1,4;3;2;8;4;999;999;0;0;0;0;0;2;0;0;0;0;1;01;  ;  ;  ;  ;  ;0; ; ;01
AE;3521;007;001;01;05;;02;2;3;4;0;2;0;0;1;41;30;11;12,2;0;1;1;3;21;8;1;2;3;1;0;1;7;5;1;5;1;  ;  ;  ;  ;  ;  ;0; ; ;21
AE;3521;007;002;01;05;06;02;2;6;0;0;0;0;0;1;30;16;5;2;0;1;1;3;12;4;5;3;2;0;99;1;0;0;1;1;1;31;  ;  ;  ;  ;  ;0; ; ;21
AE;3521;007;003;01;05;06;02;2;1;0;1;2;0;0;2;23;9;6;0,8;0;1;3;3;999;999;0;0;0;1;0;99;0;0;2;0;0;  ;  ;  ;  ;  ;  ;0; ; ;21
AE;3521;011;001;01;05;;02;2;3;4;0;2;0;0;6;47;36;15;23;2;1;6;2;7;3;1;1;2;1;98;98;6;2;0;2;0;06;  ;  ;  ;  ;  ;2; ; ;09
AE;3521;011;002;01;05;06;02;2;5;4;5;3;0;0;3;42;18;5;3,5;0;2;5;3;6;3;1;1;2;1;99;1;0;0;1;3;1;31;  ;  ;  ;  ;  ;0; ; ;22
AE;3521;011;003;01;05;06;01;2;2;0;0;0;0;0;6;31;23;6;5,2;1;2;2;4;10;3;1;1;2;0;99;2;0;0;0;3;3;31;31;04;  ;  ;  ;0; ; ;08
AE;3521;038;001;01;05;06;02;2;1;0;0;0;0;0;2;15;10;6;0,8;0;1;2;5;6;6;1;4;2;0;0;99;0;0;0;3;0;  ;  ;  ;  ;  ;  ;0; ; ;21
AE;3526;007;001;01;06;05;03;1;5;0;1;2;0;0;2;40;32;17;15,4;0;1;2;3;19;14;1;5;3;2;98;98;5;5;0;7;8;  ;  ;  ;  ;  ;  ;0; ; ;21
AE;3526;007;002;01;06;05;03;2;7;0;0;0;0;0;6;25;18;8;3,7;3;2;8;4;999;999;0;0;0;0;0;3;0;0;0;0;1;09;06;  ;  ;  ;  ;0; ; ;09
AE;3526;010;001;01;05;;02;1;2;4;5;2;0;0;3;52;35;12;21,4;0;1;2;2;998;998;1;6;2;2;0;99;0;0;0;1;0;  ;  ;  ;  ;  ;  ;0; ; ;21
AE;3526;010;002;01;06;05;03;2;4;0;0;2;0;0;2;34;18;9;3,7;0;1;3;2;999;999;0;0;0;1;0;1;0;0;1;0;0;  ;  ;  ;  ;  ;  ;0; ; ;21
AE;3526;010;003;01;06;05;10;2;4;0;0;0;0;0;2;12;10;3;0,3;0;1;3;6;999;999;0;0;0;0;0;99;0;0;1;0;0;  ;  ;  ;  ;  ;  ;0; ; ;21
AE;3536;008;001;01;05;06;02;2;2;0;0;0;0;0;1;20;18;6;1,9;0;1;1;3;12;4;1;4;2;0;0;99;0;0;2;1;1;  ;  ;  ;  ;  ;  ;0; ; ;21
AE;3536;016;001;01;05;;02;2;2;4;1;2;0;0;1;46;26;8;7,4;0;1;1;3;10;5;3;1;2;1;0;1;6;2;2;3;1;31;31;31;  ;  ;  ;0; ; ;21
AE;3567;015;001;01;05;;03;2;7;4;0;2;0;0;6;29;20;8;3,3;0;2;7;2;999;999;0;0;0;1;0;2;0;0;1;0;1;  ;  ;  ;  ;  ;  ;0; ; ;22
AE;3567;015;002;01;06;05;10;2;1;0;1;2;0;0;2;25;20;3;1,5;0;1;3;4;999;999;0;0;0;1;0;99;0;0;0;0;0;31;  ;  ;  ;  ;  ;0; ; ;21
AE;3567;015;003;01;06;;02;2;7;0;1;1;0;0;3;21;20;7;3;0;2;2;6;7;2;1;6;2;1;0;99;0;0;0;1;1;31;  ;  ;  ;  ;  ;0; ; ;22
AE;3567;015;004;01;06;05;03;2;2;0;0;0;0;0;6;26;13;3;1,1;2;2;8;3;999;999;0;0;0;0;0;1;0;0;0;0;0;01;  ;  ;  ;  ;  ;0; ; ;01
AE;3567;015;005;01;05;06;02;2;3;0;0;0;0;0;1;17;11;3;0,6;0;1;1;5;6;3;1;1;2;0;99;99;0;0;2;1;1;  ;  ;  ;  ;  ;  ;0; ; ;21
AE;3567;015;006;01;06;05;11;2;0;0;1;2;0;0;6;30;15;5;2,2;3;1;8;5;999;999;0;0;0;2;0;2;0;0;0;0;1;05;  ;  ;  ;  ;  ;0; ; ;07
AE;3567;020;001;01;05;06;02;2;2;0;0;0;0;0;3;23;16;5;1,6;0;1;4;6;999;999;0;0;0;0;0;99;0;0;0;0;4;  ;  ;  ;  ;  ;  ;0; ; ;21
AE;3567;020;002;01;05;06;02;2;3;0;0;0;0;0;9;15;12;6;0,5;0;4;9;7;999;999;0;0;0;0;98;98;0;0;0;0;0;  ;  ;  ;  ;  ;  ;0; ; ;24
AE;3567;020;003;01;06;05;03;2;3;0;0;0;0;0;3;16;9;3;0,5;0;1;3;6;999;999;0;0;0;0;0;99;0;0;2;0;0;  ;  ;  ;  ;  ;  ;0; ; ;21
AE;3567;020;004;01;06;05;03;2;0;0;1;2;0;0;6;10;8;4;0,4;0;1;8;7;999;999;0;0;0;3;0;0;0;0;0;0;0;  ;  ;  ;  ;  ;  ;0; ; ;21
AE;3567;020;005;01;06;;03;3;0;2;0;1;0;0;1;20;15;4;0,9;0;1;1;2;15;4;1;1;2;1;0;99;0;0;1;3;0;  ;  ;  ;  ;  ;  ;0; ; ;21
AE;3567;027;001;01;06;05;03;2;0;3;0;3;0;0;3;22;11;6;1;0;1;2;6;13;6;1;4;2;1;0;99;0;0;0;9;8;  ;  ;  ;  ;  ;  ;0; ; ;21
AE;3579;013;001;01;05;;02;2;3;4;0;2;0;0;2;27;24;9;5,8;0;1;2;3;8;4;1;4;1;2;0;1;0;0;0;1;1;31;  ;  ;  ;  ;  ;0; ; ;21
AE;3616;006;001;01;06;;02;2;0;2;0;1;0;0;6;14;14;7;1,3;4;1;8;3;999;999;0;0;0;1;98;98;0;0;0;0;0;05;31;  ;  ;  ;  ;0; ; ;07
AE;3653;022;001;01;03;05;03;1;3;4;0;2;0;0;6;46;24;20;16,9;3;4;9;7;999;999;0;0;0;4;98;98;0;0;0;0;0;09;  ;  ;  ;  ;  ;0; ; ;11
AE;3653;048;001;01;11;;16;4;8;4;0;2;7;2;9;38;26;23;13,2;0;4;9;7;999;999;0;0;0;4;98;98;0;0;0;0;0;  ;  ;  ;  ;  ;  ;0; ; ;24
AE;3669;025;001;01;06;05;04;2;7;0;1;2;0;0;1;48;20;5;4,3;0;2;1;4;9;5;1;1;2;1;0;3;0;0;1;1;1;31;  ;  ;  ;  ;  ;0; ; ;22
AE;3669;062;001;01;06;05;03;1;2;0;1;2;0;0;1;23;13;2;0,6;0;1;1;3;10;1;3;6;2;2;0;99;0;0;2;1;1;  ;  ;  ;  ;  ;  ;0; ; ;21
AE;3669;076;001;01;06;;03;2;0;2;0;1;0;0;6;26;14;5;1,5;0;1;8;1;999;999;0;0;0;1;0;99;0;0;0;0;0;  ;  ;  ;  ;  ;  ;0; ; ;21
AE;3687;011;001;01;06;05;10;2;1;0;0;0;0;0;6;23;14;2;0,6;3;1;8;1;999;999;0;0;0;0;0;1;0;0;0;0;0;01;  ;  ;  ;  ;  ;0; ; ;01
AE;3907;004;001;01;06;05;03;2;0;0;0;0;0;0;2;16;15;3;1,1;0;2;4;3;999;999;0;0;0;0;0;99;0;0;0;0;1;  ;  ;  ;  ;  ;  ;0; ; ;22
AE;3940;023;001;01;10;;02;2;3;4;2;2;0;0;1;72;62;27;105,9;0;1;1;5;41;19;1;2;3;2;99;1;4;3;1;1;7;  ;  ;  ;  ;  ;  ;0; ; ;21
AE;3941;042;001;01;06;05;10;2;0;3;1;2;0;0;6;20;14;3;0,8;1;1;8;7;999;999;0;0;0;4;0;0;0;0;0;0;0;01;  ;  ;  ;  ;  ; ; ; ;01
AE;3941;043;001;01;03;;  ; ;0; ; ; ; ; ; ;999;999;999;999; ;7;9; ;NA;NA;6; ; ; ;NA;NA; ; ; ; ; ;01;  ;  ;  ;  ;  ; ; ; ;01
AE;3942;039;001;01;06;;16;4;0;2;0;1;0;0;1;11;9;4;0,4;0;6;9;7;999;999;0;0;0;4;98;98;0;0;0;0;0;  ;  ;  ;  ;  ;  ;0; ; ;26
AE;3983;013;001;01;11;;16;4;8;0;5;3;4;2;9;21;16;9;2,2;0;1;7;3;999;999;0;0;0;4;98;98;0;0;4;0;0;  ;  ;  ;  ;  ;  ; ; ; ;21
AE;4002;014;001;01;06;;02;2;3;4;4;1;0;0;1;38;32;6;4,5;0;1;1;3;14;6;1;1;2;2;2;1;0;0;1;1;1;  ;  ;  ;  ;  ;  ;0; ; ;21
AE;4006;015;001;01;06;05;10;2;2;0;2;3;0;0;6;30;18;4;1,3;3;2;8;3;999;999;0;0;0;2;0;1;0;0;0;0;1;01;  ;  ;  ;  ;  ;0; ; ;01
AE;4006;016;001;01;03;06;10;2;2;0;0;0;0;0;6;37;21;5;3,4;3;2;8;3;999;999;0;0;0;0;0;1;0;0;0;0;1;01;  ;  ;  ;  ;  ;0; ; ;01
AE;4006;017;001;01;03;06;11;2;0;0;0;0;0;0;6;30;19;4;1,9;3;1;8;7;999;999;0;0;0;0;0;1;0;0;0;0;0;01;  ;  ;  ;  ;  ;0; ; ;01
AE;4219;007;001;01;06;05;03;2;7;0;0;0;0;0;2;28;18;6;3,6;0;2;4;3;999;999;0;0;0;0;0;3;0;0;0;0;0;  ;  ;  ;  ;  ;  ;0; ; ;22
AE;4219;017;001;01;06;05;03;2;1;0;0;0;0;0;6;18;14;4;1,2;0;2;8;7;999;999;0;0;0;0;0;99;0;0;0;0;0;31;  ;  ;  ;  ;  ;0; ; ;22
AE;4219;017;002;01;05;;02;2;6;4;5;2;0;0;6;18;10;3;0,7;0;1;8;7;999;999;0;0;0;4;0;98;0;0;0;0;0;  ;  ;  ;  ;  ;  ;0; ; ;21
AE;4219;017;003;01;05;06;02;2;0;0;2;2;0;0;2;14;10;3;0,4;0;1;6;3;7;3;1;1;2;1;0;99;0;0;0;1;0;  ;  ;  ;  ;  ;  ;0; ; ;21
AE;4219;017;004;01;05;06;02;3;3;0;0;0;8;0;6;20;17;6;1,8;0;2;8;6;999;999;0;0;0;0;0;99;0;0;0;0;1;31;  ;  ;  ;  ;  ;0; ; ;22
AE;4219;017;005;01;11;;16;4;8;0;5;3;4;4;6;21;14;4;0,7;2;1;8;7;999;999;0;0;0;4;0;98;0;0;0;0;0;01;  ;  ;  ;  ;  ;0; ; ;01
AE;4219;017;006;01;05;06;02;3;2;0;1;2;0;0;2;28;15;4;1,7;0;4;9;7;999;999;0;0;0;4;98;98;0;0;0;0;0;  ;  ;  ;  ;  ;  ;0; ; ;24
AE;4219;017;007;01;05;06;02;3;2;0;1;2;0;0;2;35;14;5;1,5;0;4;9;7;999;999;0;0;0;1;98;98;0;0;0;0;0;  ;  ;  ;  ;  ;  ; ; ; ;24
AE;4219;017;008;01;05;06;02;3;2;0;1;2;0;0;2;20;14;5;1,5;3;1;4;3;999;999;0;0;0;2;0;99;0;0;0;0;2;09;  ;  ;  ;  ;  ;0; ; ;11
AE;4219;021;001;01;05;06;01;3;3;0;0;0;0;0;6;30;22;6;5,1;2;2;8;3;999;999;0;0;0;0;0;2;0;0;0;0;1;05;06;06;31;  ;  ;0; ; ;07
AE;4219;021;002;01;11;;16;4;8;0;5;3;4;2;9;12;7;3;0,2;0;4;9;7;999;999;0;0;0;4;98;98;0;0;0;0;0;  ;  ;  ;  ;  ;  ;0; ; ;24
AE;4219;021;003;01;06;05;03;2;0;0;0;0;0;0;6;13;6;2;0,2;0;1;8;7;999;999;0;0;0;0;0;98;0;0;0;0;0;  ;  ;  ;  ;  ;  ;0; ; ;21
AE;4221;013;001;01;11;;16;4;0;0;0;0;8;5;3;24;19;6;2,5;4;2;8;1;999;999;0;0;0;0;0;99;0;0;0;0;1;31;10;  ;  ;  ;  ;0; ; ;22
AE;4221;013;002;01;05;06;02;2;3;0;0;0;0;0;3;16;12;4;0,5;0;1;3;6;999;999;0;0;0;0;99;99;0;0;0;0;0;  ;  ;  ;  ;  ;  ;0; ; ;21
AE;4221;027;001;01;06;05;03;1;4;0;0;0;0;0;1;24;19;6;2,5;0;1;1;1;7;3;1;1;2;0;99;99;0;0;2;3;1;  ;  ;  ;  ;  ;  ;0; ; ;21
AE;4221;027;002;01;06;05;03;2;0;0;0;2;0;0;9;15;14;3;0,7;0;4;9;7;999;999;0;0;0;4;98;98;0;0;0;0;0;  ;  ;  ;  ;  ;  ;0; ; ;24
AE;4222;013;001;01;06;05;03;1;2;0;0;0;0;0;1;29;20;20;12,9;0;3; ; ;NA;NA; ; ; ;0;NA;NA; ; ; ; ; ;  ;  ;  ;  ;  ;  ; ; ; ;23
AE;4222;030;001;01;01;;03;3;2;4;0;2;0;0;6;23;20;6;3;0;2;6;3;13;4;1;6;2;1;0;2;0;0;0;5;1;  ;  ;  ;  ;  ;  ;0; ; ;22
AE;4225;008;001;01;05;06;02;3;3;0;0;0;0;0;6;30;13;6;2,6;3;2;8;4;999;999;0;0;0;0;0;2;8;6;0;0;1;04;06;  ;  ;  ;  ;0; ; ;08
AE;4225;023;001;01;11;;16;4;8;0;5;3;7;4;6;21;20;6;2,8;4;2;8;7;999;999;0;0;0;4;0;99;0;0;0;0;0;  ;  ;  ;  ;  ;  ;0; ; ;22
AE;4658;006;001;01;03;06;03;2;7;0;0;0;0;0;6;42;20;5;6,2;3;2;8;3;999;999;0;0;0;0;0;4;0;0;0;0;1;06;06;05;  ;  ;  ;0; ; ;07
AE;4658;012;001;01;05;06;02;2;2;0;5;2;0;0;2;32;28;11;8,6;0;1;2;4;14;7;1;3;2;4;99;99;0;0;0;1;8;  ;  ;  ;  ;  ;  ;0; ; ;21
AE;4658;012;002;01;03;05;04;2;3;4;0;2;0;0;1;38;32;12;9,7;0;1;1;3;14;5;1;1;2;2;0;99;8;6;2;4;1;  ;  ;  ;  ;  ;  ;0; ; ;21
AE;4658;012;003;01;05;01;03;2;2;4;0;2;0;0;6;33;27;6;5,5;0;1;4;3;999;999;0;0;0;2;99;0;0;0;0;0;7;  ;  ;  ;  ;  ;  ;0; ; ;21
AE;4658;012;004;01;05;06;02;2;2;0;0;0;0;0;3;25;20;8;3,9;0;1;2;2;11;5;5;1;2;0;1;0;0;0;0;3;7;31;  ;  ;  ;  ;  ;0; ; ;21
AE;4658;012;005;01;06;05;03;1;2;0;1;2;0;0;1;32;23;5;2,8;0;1;1;3;15;5;1;1;2;1;98;98;0;0;0;7;0;  ;  ;  ;  ;  ;  ;0; ; ;21
AE;4658;012;006;01;05;06;02;2;7;0;0;2;0;0;9;25;14;8;2,6;0;4;9;7;999;999;0;0;0;4;98;98;0;0;0;0;0;  ;  ;  ;  ;  ;  ;0; ; ;24
AE;4658;012;007;01;05;;03;2;2;4;0;2;0;0;6;22;15;3;1,2;0;1;8;7;999;999;0;0;0;1;0;99;0;0;0;0;1;  ;  ;  ;  ;  ;  ;0; ; ;21
AE;4658;012;008;01;06;05;03;1;6;0;5;3;0;0;2;18;16;3;0,9;0;1;4;3;999;999;0;0;0;4;0;99;0;0;0;0;3;  ;  ;  ;  ;  ;  ;0; ; ;21
AE;4658;012;009;01;05;06;02;2;0;0;0;0;0;0;9;21;11;5;1,1;0;4;9;7;999;999;0;0;0;0;98;98;0;0;0;0;0;  ;  ;  ;  ;  ;  ;0; ; ;24
AE;4658;012;010;01;05;;02;2;2;4;0;2;0;0;6;24;23;10;7,7;3;1;8;3;999;999;0;0;0;2;0;99;0;0;0;0;0;31;05;09;31;06;  ; ; ; ;07
AE;4658;012;011;01;05;;02;2;0;4;1;2;0;0;2;36;23;8;5,7;0;1;4;4;999;999;0;0;0;2;0;99;0;0;0;0;0;31;  ;  ;  ;  ;  ;0; ; ;21
AE;4658;012;012;01;05;06;02;2;2;0;0;0;0;0;2;22;18;2;1,6;0;2;2;3;13;4;1;1;2;0;0;2;0;0;0;3;1;31;31;  ;  ;  ;  ;0; ; ;22
AE;4658;012;013;01;06;05;03;1;7;0;0;0;0;0;2;38;22;7;4,5;3;1;2;3;16;5;1;4;2;0;99;1;8;6;0;4;8;05;  ;  ;  ;  ;  ;0; ; ;07
AE;4658;025;001;01;06;;10;2;2;0;1;1;0;0;6;34;20;8;5,5;3;1;8;3;999;999;0;0;0;2;0;1;0;0;0;0;1;31;05;09;  ;  ;  ;2; ; ;07
AE;4658;053;001;01;06;05;03;1;2;0;0;0;0;0;1;18;15;5;0,9;0;1;1;4;6;5;1;4;2;0;0;99;0;0;1;1;4;  ;  ;  ;  ;  ;  ;0; ; ;21
AE;4658;053;002;01;06;05;03;2;0;0;0;0;0;0;2;18;16;2;0,5;0;1;3;3;999;999;0;0;0;0;0;99;0;0;1;0;1;  ;  ;  ;  ;  ;  ;0; ; ;21
AE;4658;053;003;01;05;;03;1;0;4;0;2;0;0;2;29;24;10;4,9;0;1;2;3;23;10;3;3;2;2;0;0;8;6;0;5;0;16;  ;  ;  ;  ;  ; ; ; ;21
AE;4658;053;004;01;05;06;02;2;2;0;1;2;0;0;6;29;27;11;8,2;0;1;6;6;16;10;1;4;2;1;1;1;0;0;0;4;1;31;  ;  ;  ;  ;  ;0; ; ;21
AE;4658;053;006;01;05;06;02;2;2;0;1;2;0;0;9;28;27;16;14,9;3;3; ; ;NA;NA; ; ; ; ;NA;NA; ; ; ; ; ;09;16;  ;  ;  ;  ; ; ; ;11
AE;4658;061;001;01;06;05;10;2;0;0;2;2;0;0;1;24;14;5;1,1;0;1;1;3;14;6;1;1;2;2;99;98;0;0;1;7;1;  ;  ;  ;  ;  ;  ;0; ; ;21
AE;4658;061;002;01;06;05;04;1;0;0;2;2;0;0;6;20;16;4;1,6;0;1;7;2;999;999;0;0;0;3;0;0;0;0;2;0;0;  ;  ;  ;  ;  ;  ;0; ; ;21
AE;4658;061;003;01;11;;16;4;8;0;5;3;7;2;9;20;11;6;0,8;0;1;7;6;999;999;0;0;0;4;98;98;0;0;2;0;0;  ;  ;  ;  ;  ;  ;0; ; ;21
AE;4740;013;001;01;05;06;02;2;4;0;0;0;0;0;6;16;13;5;1;0;1;8;2;999;999;0;0;0;0;0;99;0;0;0;0;0;31;  ;  ;  ;  ;  ;0; ; ;21
AE;4740;017;001;01;05;;03;2;2;4;5;2;0;0;9;34;22;18;9,9;0;4;9;7;999;999;0;0;0;4;98;98;0;0;0;0;0;31;  ;  ;  ;  ;  ;0; ; ;24
AE;4740;108;001;01;05;06;02;2;4;0;0;0;0;0;2;44;16;8;5,8;0;2;4;4;999;999;0;0;0;0;0;3;0;0;0;0;1;31;  ;  ;  ;  ;  ;0; ; ;22
AE;4740;108;002;01;05;06;02;2;2;0;1;2;0;0;2;48;14;5;3,6;0;2;4;4;999;999;0;0;0;1;0;3;0;0;0;0;1;31;31;31;  ;  ;  ;0; ; ;22
AE;4740;108;003;01;01;05;02;2;2;0;0;0;0;0;2;18;15;4;1;0;2;2;3;11;3;1;1;2;0;99;99;0;0;0;3;1;  ;  ;  ;  ;  ;  ;0; ; ;22
AE;4740;108;004;01;11;;16;1;0;2;2;1;0;0;9;16;11;7;1,4;0;5;9;7;999;999;0;0;0;4;98;98;0;0;0;0;0;  ;  ;  ;  ;  ;  ;0; ; ;25
AE;4740;130;001;01;06;05;03;1;4;0;0;0;0;0;3;25;21;7;3,5;0;1;2;5;16;5;1;1;2;0;98;98;0;0;0;1;0;  ;  ;  ;  ;  ;  ;0; ; ;21
AE;4740;130;002;01;06;05;02;1;0;0;0;0;0;0;1;21;18;5;1,7;0;1;1;1;15;4;1;6;2;0;0;99;0;0;2;4;0;  ;  ;  ;  ;  ;  ;0; ; ;21
AE;4740;130;003;01;05;06;02;2;2;4;0;3;0;0;9;44;42;41;103,6;3;4;9;7;999;999;0;0;0;4;98;98;0;0;0;0;0;15;  ;  ;  ;  ;  ;0; ; ;19
AE;4740;130;004;01;05;06;02;2;3;3;0;2;0;0;9;50;40;32;93,8;3;3;9;7;999;999;0;0;0;4;98;98;0;0;0;0;0;15;  ;  ;  ;  ;  ; ; ; ;19
AE;4740;132;001;01;05;06;02;2;7;0;0;0;0;0;1;43;31;8;8,9;0;1;1;6;17;6;1;3;2;0;99;2;8;6;2;3;3;  ;  ;  ;  ;  ;  ;0; ; ;21
AE;4747;007;001;01;06;05;04;2;3;0;0;0;0;0;9;42;22;11;10,2;0;4;9;7;999;999;0;0;0;0;98;98;0;0;0;0;0;  ;  ;  ;  ;  ;  ;0; ; ;24
AE;4747;016;001;01;05;06;02;2;7;0;0;0;0;0;2;40;22;6;5,5;0;2;3;4;999;999;0;0;0;0;0;3;0;0;1;0;1;31;31;31;  ;  ;  ;0; ; ;22
AE;4773;013;001;01;05;06;02;2;1;0;0;0;0;0;2;21;13;2;0,9;0;1;2;3;7;1;1;6;2;0;99;99;0;0;0;1;0;  ;  ;  ;  ;  ;  ;0; ; ;21
AE;4773;013;002;01;06;;02;2;0;3;2;1;0;0;3;24;17;6;2,5;0;1;3;6;999;999;0;0;0;3;0;0;0;0;1;0;0;  ;  ;  ;  ;  ;  ;0; ; ;21
AE;4773;013;003;01;11;;16;4;0;2;2;1;0;0;9;23;19;10;4;0;6;9;7;999;999;0;0;0;4;98;98;0;0;0;0;0;  ;  ;  ;  ;  ;  ;0; ; ;26
AE;4773;022;001;01;05;;02;2;3;4;0;2;0;0;6;33;28;7;4,3;0;1;7;3;999;999;0;0;0;1;0;1;0;0;1;0;1;31;  ;  ;  ;  ;  ;0; ; ;21
AE;4773;022;002;01;06;05;03;1;0;0;0;0;0;0;6;16;11;5;1;0;2;7;1;999;999;0;0;0;0;0;99;0;0;1;0;0;  ;  ;  ;  ;  ;  ;0; ; ;22
AE;4773;040;001;01;03;06;03;2;2;0;0;0;0;0;6;35;25;7;6,5;3;2;6;3;7;3;1;1;2;0;0;3;0;0;0;3;1;31;04;31;09;  ;  ;2; ; ;08
AE;4773;046;001;01;11;;16;4;8;0;5;3;7;4;7;27;17;6;3,1;3;2;4;3;999;999;0;0;0;4;0;3;0;0;0;0;0;31;04;  ;  ;  ;  ;2; ; ;08
AE;4775;025;001;01;06;05;03;2;2;0;0;0;0;0;3;24;20;6;3,1;0;2;2;6;10;6;1;1;2;0;99;99;0;0;0;1;1;31;  ;  ;  ;  ;  ;0; ; ;22
AE;4828;025;001;01;05;06;02;2;6;0;5;0;0;0;2;38;28;8;7,5;0;1;3;3;999;999;0;0;0;0;0;3;0;0;2;0;1;31;  ;  ;  ;  ;  ;0; ; ;21
AE;4829;006;001;01;11;;16;4;8;0;5;3;7;2;6;26;19;4;2,6;0;2;8;3;999;999;0;0;0;4;0;2;0;0;0;0;0;  ;  ;  ;  ;  ;  ;0; ; ;22
AE;4830;006;001;01;05;06;02;2;2;0;0;0;0;0;1;32;15;5;2,3;0;2;1;4;12;4;1;1;1;0;1;0;3;1;1;4;1;  ;  ;  ;  ;  ;  ;0; ; ;22
AE;4878;033;001;01;03;06;10;2;0;0;0;0;0;0;2;25;17;4;1,8;0;2;4;3;999;999;0;0;0;0;0;2;0;0;0;0;1;31;  ;  ;  ;  ;  ;0; ; ;22
AE;4893;053;001;01;06;05;10;2;3;0;0;0;0;0;6;28;16;4;1,4;3;2;8;4;999;999;0;0;0;0;0;99;0;0;0;0;0;01;  ;  ;  ;  ;  ;0; ; ;01
AE;4893;057;001;01;06;05;10;2;3;0;0;0;0;0;6;34;15;5;2,1;2;2;8;4;999;999;0;0;0;0;0;2;0;0;0;0;1;01;  ;  ;  ;  ;  ;0; ; ;01
AE;4904;017;001;01;05;;  ; ; ; ; ; ; ; ; ;999;999;999;999; ;7; ; ;NA;NA; ; ; ; ;NA;NA; ; ; ; ; ;01;  ;  ;  ;  ;  ;0; ; ;01
AE;4904;033;001;01;05;06;02;2;3;0;0;0;0;0;6;36;17;6;2,9;2;2;8;4;999;999;0;0;0;0;0;2;0;0;0;0;1;01;  ;  ;  ;  ;  ;0; ; ;01
AE;4904;034;001;01;10;;11;2;2;0;0;0;0;0;6;29;17;4;2;2;1;8;4;999;999;0;0;0;0;0;99;0;0;0;0;8;01;  ;  ;  ;  ;  ;0; ; ;01
AE;4913;030;001;01;05;06;02;2;4;0;0;0;0;0;6;34;14;4;1,7;4;2;8;3;999;999;0;0;0;0;0;3;0;0;0;0;1;01;  ;  ;  ;  ;  ;0; ; ;01
AE;4925;088;001;01;11;;16;4;0;2;2;1;0;0;9;17;9;5;0,7;0;5;9;7;999;999;0;0;0;4;98;98;0;0;0;0;0;  ;  ;  ;  ;  ;  ;0; ; ;25
AE;4929;054;001;01;05;06;02;2;6;0;0;0;0;0;6;27;18;5;1,7;3;1;8;7;999;999;0;0;0;0;0;99;0;0;0;0;0;01;  ;  ;  ;  ;  ;0; ; ;01
AE;4950;021;001;01;06;05;03;1;1;0;0;0;0;0;2;30;17;2;1,1;0;1;2;3;5;2;1;1;2;0;0;2;0;0;0;3;1;  ;  ;  ;  ;  ;  ;0; ; ;21
AE;4953;015;001;01;11;;16;4;8;0;5;3;7;2;4;16;9;4;0,4;0;1;1;4;5;2;1;6;2;4;98;98;0;0;1;7;0;  ;  ;  ;  ;  ;  ;0; ; ;21
AE;4956;058;001;01;06;05;10;2;2;3;1;3;0;0;6;34;18;4;2,2;3;1;8;3;999;999;0;0;0;2;0;99;0;0;0;0;0;01;  ;  ;  ;  ;  ;0; ; ;01
AE;4956;059;001;01;06;05;10;1;2;0;0;0;0;0;6;28;17;2;1,2;3;1;8;7;999;999;0;0;0;0;0;99;0;0;0;0;0;01;  ;  ;  ;  ;  ;0; ; ;01
AE;4963;029;001;01;06;05;10;2;2;0;1;2;0;0;2;25;18;4;1,4;3;1;6;2;7;3;1;1;2;2;0;99;0;0;0;3;0;01;  ;  ;  ;  ;  ;0; ; ;01
AE;4963;062;001;01;05;06;02;2;0;0;0;0;0;0;6;26;17;3;1,2;2;1;8;3;999;999;0;0;0;0;0;99;0;0;0;0;7;01;  ;  ;  ;  ;  ;0; ; ;01
AE;5156;010;001;01;06;05;03;1;6;0;0;0;0;0;2;36;18;6;3,2;0;2;4;4;999;999;0;0;0;0;0;3;0;0;0;0;1;31;  ;  ;  ;  ;  ;0; ; ;22
AE;5156;028;001;01;10;02;02;3;0;0;0;0;0;0;6;57;20;8;6,8;0;2;7;4;999;999;0;0;0;0;0;1;2;1;1;0;1;31;  ;  ;  ;  ;  ; ; ; ;22
AE;5156;028;002;01;06;05;03;1;0;0;0;0;0;0;2;50;11;4;2,7;0;2;8;3;999;999;0;0;0;0;0;3;0;0;0;0;1;31;  ;  ;  ;  ;  ;0; ; ;22
AE;5156;028;003;01;06;05;03;1;3;0;0;0;0;0;6;20;19;4;2,3;3;2;8;3;999;999;0;0;0;0;0;3;0;0;0;0;1;14;12;31;  ;  ;  ;2; ; ;04
AE;5156;028;004;01;05;;02;2;0;4;0;2;0;0;3;27;20;6;2,8;3;1;5;2;6;5;1;1;2;1;1;99;0;0;2;3;1;06;  ;  ;  ;  ;  ;0; ; ;09
AE;5156;028;005;01;11;;16;4;8;0;0;0;7;2;6;34;19;6;4;0;2;8;3;999;999;0;0;0;0;0;2;0;0;0;0;0;31;  ;  ;  ;  ;  ;0; ; ;22
AE;5156;028;006;01;05;;02;2;3;4;1;2;0;0;1;35;27;9;6,8;0;1;1;4;5;4;1;1;2;1;2;0;0;0;3;3;8;  ;  ;  ;  ;  ;  ;0; ; ;21
AE;5156;028;007;01;06;05;03;2;6;0;0;0;0;0;2;29;25;7;4,8;0;2;2;2;13;7;1;4;2;0;0;1;0;0;0;3;1;  ;  ;  ;  ;  ;  ;0; ; ;22
AE;5156;028;008;01;06;05;03;1;5;0;5;2;0;0;3;28;15;4;1,7;0;1;3;1;999;999;0;0;0;4;0;98;0;0;1;0;0;  ;  ;  ;  ;  ;  ;0; ; ;21
AE;5156;028;009;01;06;05;03;2;7;0;0;0;0;0;3;13;12;3;0,6;0;2;4;3;999;999;0;0;0;0;0;99;0;0;0;0;1;  ;  ;  ;  ;  ;  ;0; ; ;22
AE;5156;028;010;01;05;06;02;2;0;0;0;0;0;0;2;23;5;3;0,3;0;2;3;3;999;999;0;0;0;0;0;99;0;0;1;0;0;  ;  ;  ;  ;  ;  ;0; ; ;22
AE;5156;028;011;01;06;05;03;2;0;0;0;0;0;0;1;11;8;2;0,1;0;1;1;1;998;998;1;7;2;0;98;98;0;0;1;3;0;  ;  ;  ;  ;  ;  ;0; ; ;21
AE;5156;033;001;01;05;06;02;2;6;0;0;0;0;0;6;60;16;6;5,9;3;2;6;3;10;5;1;4;2;0;0;2;0;0;0;3;1;31;02;  ;  ;  ;  ;2; ; ;02
AE;5156;035;001;01;06;05;03;1;2;0;5;2;0;0;2;34;17;7;4,1;3;2;2;3;11;6;1;4;2;4;0;2;0;0;0;3;1;31;04;  ;  ;  ;  ;2; ; ;08
AE;5160;012;001;01;05;06;01;2;2;0;0;0;0;0;6;25;16;4;1,7;0;1;8;7;999;999;0;0;0;0;98;98;0;0;0;0;0;  ;  ;  ;  ;  ;  ;0; ; ;21
AE;5170;039;001;01;05;;02;2;3;4;0;2;0;0;2;36;24;6;5,5;0;1;2;3;13;5;1;4;2;1;0;1;0;0;0;3;4;31;31;  ;  ;  ;  ;0; ; ;21
AE;5170;039;002;01;05;06;02;2;3;0;0;0;0;0;9;28;14;6;2;0;4;9;7;999;999;0;0;0;0;98;98;8;6;0;0;0;31;  ;  ;  ;  ;  ;0; ; ;24
AE;5300;021;001;01;05;06;02;2;6;0;0;0;0;0;1;28;18;6;2,5;0;1;1;3;7;6;3;1;2;0;99;99;0;0;1;1;1;  ;  ;  ;  ;  ;  ;0; ; ;21
AE;5300;021;002;01;11;;16;4;8;0;5;3;7;2;9;17;15;3;0,6;0;4;9;7;999;999;0;0;0;4;98;98;0;0;0;0;0;  ;  ;  ;  ;  ;  ;0; ; ;24
AE;5413;012;001;01;05;;02;2;7;4;1;2;0;0;1;58;46;17;37,3;0;1;1;2;19;10;1;4;2;2;99;2;5;3;1;7;8;  ;  ;  ;  ;  ;  ;0; ; ;21
AE;5413;013;001;01;06;05;10;2;2;0;0;0;0;0;2;35;18;5;3,4;0;2;4;3;999;999;0;0;0;0;99;3;0;0;0;0;3;31;31;  ;  ;  ;  ;0; ; ;22
AE;5413;014;002;01;06;05;03;1;2;0;0;0;0;0;2;30;13;3;1,7;3;2;4;3;999;999;0;0;0;0;0;3;0;0;0;0;1;31;13;12;  ;  ;  ;2; ; ;03
AE;5413;029;001;01;11;;16;4;8;0;5;3;0;0;6;20;15;4;0,9;2;1;8;7;999;999;0;0;0;4;98;98;0;0;0;0;0;01;  ;  ;  ;  ;  ;0; ; ;01
AE;5413;030;001;01;06;05;02;1;2;0;0;0;0;0;2;38;12;3;1,3;0;2;2;4;5;3;1;4;2;0;99;3;0;0;0;3;1;  ;  ;  ;  ;  ;  ;0; ; ;22
AE;5413;031;001;01;06;05;03;2;3;0;1;2;0;0;3;38;21;4;3,3;3;1;5;4;11;5;1;2;1;1;99;1;0;0;2;3;4;06;  ;  ;  ;  ;  ;0; ; ;09
AE;5413;051;001;01;06;05;02;1;4;0;1;2;0;0;6;63;27;6;12,5;0;2;8;4;999;999;0;0;0;1;0;3;0;0;0;0;3;31;  ;  ;  ;  ;  ;0; ; ;22
AE;5413;052;001;01;06;05;11;2;3;0;0;0;0;0;6;22;13;4;1,2;0;2;6;3;7;3;1;1;2;0;1;1;0;0;0;1;1;31;  ;  ;  ;  ;  ;0; ; ;22
AE;5413;053;001;01;06;05;02;1;7;0;0;0;0;0;6;66;23;5;7,3;3;2;6;4;10;4;4;1;2;0;0;2;0;0;0;3;1;12;31;13;31;05;  ;2;3;B;03
AE;5413;054;001;01;06;05;03;1;7;0;0;0;0;0;2;58;21;7;10,3;3;2;8;4;999;999;0;0;0;0;0;3;0;0;0;0;1;13;06;  ;  ;  ;  ;2; ; ;03
AE;5602;015;001;01;11;;16;4;8;0;5;3;4;2;9;21;12;6;0,7;0;4;9;7;999;999;0;0;0;4;98;98;0;0;0;0;0;  ;  ;  ;  ;  ;  ;0; ; ;24
AE;5614;017;001;01;05;06;02;2;2;0;0;0;0;0;2;24;18;5;2,8;0;2;2;4;10;5;1;1;2;0;99;99;0;0;0;3;1;31;  ;  ;  ;  ;  ;0; ; ;22
AE;5787;015;001;01;11;;16;4;0;0;5;3;7;3;9;10;9;2;0,2;0;4;9;7;999;999;0;0;0;4;98;98;0;0;0;0;0;  ;  ;  ;  ;  ;  ;0; ; ;24
AE;5800;069;001;01;03;06;03;1;0;0;0;0;0;0;2;72;19;6;8,9;0;2;4;4;999;999;0;0;0;0;0;4;0;0;0;0;1;  ;  ;  ;  ;  ;  ;0; ; ;22
AE;5800;074;001;01;05;06;02;2;3;0;0;0;0;0;2;43;26;6;6,9;3;2;2;3;8;4;1;1;2;0;99;2;0;0;0;3;1;31;13;04;  ;  ;  ;0; ; ;03
AE;5801;052;001;01;06;05;02;1;7;0;0;0;0;0;6;46;24;7;7,1;3;2;8;4;999;999;0;0;0;0;0;2;0;0;0;0;1;31;04;31;12;09;31;2;2; ;04
AE;5801;053;001;01;07;;02;3;0;0;0;0;0;0;2;40;20;4;3,6;0;2;4;3;999;999;0;0;0;0;0;4;0;0;0;0;3;  ;  ;  ;  ;  ;  ;0; ; ;22
AE;5825;006;001;01;05;06;02;2;7;0;0;0;0;0;6;40;20;3;1,8;3;1;8;3;999;999;0;0;0;0;0;1;0;0;0;0;0;01;  ;  ;  ;  ;  ;0; ; ;01
AE;5825;030;001;01;05;06;02;2;7;0;0;0;0;0;6;21;15;4;1,3;4;1;8;5;999;999;0;0;0;0;98;98;0;0;0;0;0;01;  ;  ;  ;  ;  ;0; ; ;01
AE;5825;031;001;01;05;;02;2;0;4;1;2;0;0;6;24;15;2;0,8;3;1;8;3;999;999;0;0;0;2;0;98;0;0;0;0;0;01;  ;  ;  ;  ;  ;0; ; ;01
AE;5825;047;001;01;06;;02;2;2;2;0;1;0;0;1;60;20;5;6,4;0;2;1;3;11;5;1;1;2;1;2;1;0;0;1;3;1;31;38;  ;  ;  ;  ;0; ; ;22
AE;5825;048;001;01;05;;02;2;0;4;0;2;0;0;2;46;14;4;2,6;0;2;2;4;7;2;1;1;2;1;0;2;0;0;0;3;1;31;  ;  ;  ;  ;  ;0; ; ;22
AE;5857;015;001;01;03;06;08;2;0;0;0;0;0;0;2;9;9;2;0,1;0;1;3;3;999;999;0;0;0;0;0;99;0;0;1;0;0;  ;  ;  ;  ;  ;  ;0; ; ;21
AE;5912;006;001;01;11;;16;4;0;0;0;0;1;5;6;43;26;6;8,6;3;2;8;3;999;999;0;0;0;0;0;3;0;0;0;0;0;09;09;31;  ;  ;  ;0; ; ;11
AE;5912;010;002;01;01;;03;3;1;0;0;0;0;0;2;28;16;8;3,1;0;2;2;3;12;8;5;1;2;0;0;2;0;0;0;1;0;31;  ;  ;  ;  ;  ;0; ; ;22
AE;5912;024;001;01;06;05;03;2;2;0;0;0;0;0;6;34;24;5;4,9;3;2;8;3;999;999;0;0;0;0;0;2;0;0;0;0;1;04;31;31;  ;  ;  ;2; ; ;08
AE;5912;024;003;01;06;;16;2;0;3;0;1;0;0;3;20;6;4;0,7;0;1;4;7;999;999;0;0;0;2;0;99;0;0;0;0;0;  ;  ;  ;  ;  ;  ;0; ; ;21
AE;5912;028;001;01;01;;03;3;2;0;0;0;0;0;2;36;17;8;4,3;0;2;3;3;999;999;0;0;0;0;0;2;0;0;3;0;2;31;  ;  ;  ;  ;  ;2; ; ;22
AE;5912;028;002;01;06;05;04;2;0;0;1;2;0;0;6;32;17;5;2,9;0;1;8;6;999;999;0;0;0;1;0;1;0;0;0;0;0;  ;  ;  ;  ;  ;  ;0; ; ;21
AE;5912;039;001;01;01;;03;3;2;0;0;0;0;0;2;42;21;5;4,4;0;2;4;3;999;999;0;0;0;0;0;3;0;0;0;0;1;31;  ;  ;  ;  ;  ;0; ; ;22
AE;5912;039;002;01;11;;16;4;8;0;0;0;0;0;2;15;11;4;0,7;0;2;4;7;999;999;0;0;0;0;0;99;0;0;0;0;0;  ;  ;  ;  ;  ;  ;0; ; ;22
AE;5912;039;003;01;06;05;04;2;0;0;0;0;0;0;2;24;14;7;2,6;0;2;4;4;999;999;0;0;0;0;0;2;0;0;0;0;1;  ;  ;  ;  ;  ;  ;0; ; ;22
AE;5959;016;001;01;06;05;04;2;2;0;0;0;0;0;6;15;12;5;1;0;2;6;5;8;5;1;4;2;0;0;99;0;0;0;9;0;  ;  ;  ;  ;  ;  ;0; ; ;22
AE;5960;008;001;01;05;06;16;4;8;4;0;3;0;0;2;26;19;6;3,9;0;2;4;4;999;999;0;0;0;1;0;2;0;0;0;0;1;31;31;  ;  ;  ;  ;0; ; ;22
AE;5960;020;001;01;06;05;02;1;6;0;0;0;0;0;6;45;27;12;14,9;3;1;6;3;15;7;1;4;2;0;0;3;0;0;0;5;1;04;06;06;16;  ;  ;0; ; ;08
AE;5960;020;002;01;06;05;03;1;2;0;1;2;0;0;2;29;23;5;4,7;3;2;4;3;999;999;0;0;0;1;0;2;0;0;0;0;1;31;04;31;  ;  ;  ;2; ; ;08
AE;5960;020;003;01;01;09;03;3;2;0;0;0;0;0;2;43;17;4;3,7;0;2;2;4;7;2;1;4;2;0;99;3;0;0;0;3;1;31;31;31;  ;  ;  ;0; ; ;22
AE;5960;020;004;01;01;06;03;3;2;4;0;2;0;0;3;16;10;6;1;0;2;4;7;999;999;0;0;0;1;0;99;0;0;0;0;0;  ;  ;  ;  ;  ;  ;0; ; ;22
AE;5960;032;001;01;05;01;03;2;2;4;5;2;0;0;6;43;20;7;7,2;3;2;8;4;999;999;0;0;0;1;0;2;0;0;0;0;1;10;06;06;  ;  ;  ;2; ; ;09
AE;5960;032;002;01;05;;02;2;0;4;1;2;0;0;3;29;19;12;6,3;3;1;4;1;999;999;0;0;0;3;0;0;0;0;0;0;0;31;04;  ;  ;  ;  ;2; ; ;08
AE;5960;032;003;01;06;05;04;2;3;0;0;0;0;0;6;27;25;9;4,4;3;2;8;5;999;999;0;0;0;0;0;2;0;0;0;0;1;06;05;  ;  ;  ;  ;0; ; ;07
AE;5960;032;004;01;01;;02;3;2;0;0;0;0;0;1;19;12;5;1,1;0;1;1;3;6;3;2;5;2;0;99;99;0;0;4;1;0;31;  ;  ;  ;  ;  ;0; ; ;21
AE;5960;032;005;01;05;06;02;2;3;4;5;3;0;0;1;59;43;15;36,9;3;1;1;4;14;3;1;6;2;2;99;3;0;0;1;3;6;31;09;  ;  ;  ;  ;0; ; ;11
AE;5960;032;006;01;11;;16;4;8;0;5;3;7;2;9;30;29;17;17;0;3;9;7;999;999;0;0;0;4;98;98;0;0;0;0;0;  ;  ;  ;  ;  ;  ; ; ; ;23
AE;5960;032;007;01;01;;03;3;2;0;0;0;0;0;2;28;16;4;1,7;0;2;3;4;999;999;0;0;0;0;0;1;2;1;1;0;1;  ;  ;  ;  ;  ;  ;0; ; ;22
AE;5960;032;008;01;05;06;02;2;6;3;0;3;0;0;6;19;9;2;0,4;0;1;8;7;999;999;0;0;0;1;0;99;0;0;0;0;0;  ;  ;  ;  ;  ;  ;0; ; ;21
